age_group,year_month,halfyear,share_q1,share_q2,share_q3,share_q4,n_emp_total_age
22-25,2019-01,2019H1,0.3026946317745649,0.46509426243878493,0.10349583328463399,0.12871527250201614,342236
22-25,2019-02,2019H1,0.30013433235058096,0.46327906149599796,0.10497029697149626,0.1316163091819248,340201
22-25,2019-03,2019H1,0.3015381812197301,0.46116929985423427,0.10550383222833498,0.13178868669770066,340272
22-25,2019-04,2019H1,0.3022320639751942,0.46146896712892504,0.10439002981025176,0.13190893908562895,350886
22-25,2019-05,2019H1,0.3038141287632137,0.4612643566688372,0.1042048241178182,0.13071669045013093,360895
22-25,2019-06,2019H1,0.3046783049634726,0.46059242283622565,0.10335512705515143,0.13137414514515033,385738
22-25,2019-07,2019H2,0.3045416021995999,0.46155873976328676,0.10336247080504174,0.13053718723207158,405892
22-25,2019-08,2019H2,0.307225794117943,0.4562040307082415,0.10371074687836437,0.1328594282954511,397548
22-25,2019-09,2019H2,0.30282974778007266,0.45600850281165667,0.10492077610770228,0.13624097330056836,397986
22-25,2019-10,2019H2,0.30199196133918665,0.4529505979203492,0.106057211143476,0.13900022959698813,361503
22-25,2019-11,2019H2,0.302436142369662,0.45306616014930484,0.1061394984152927,0.1383581990657405,362212
22-25,2019-12,2019H2,0.29941869237332075,0.45509611190514726,0.1061551671636632,0.13933002855786877,364523
22-25,2020-01,2020H1,0.29774912249206065,0.47092307025634994,0.10320236230708754,0.12812544494450187,323074
22-25,2020-02,2020H1,0.29504495360987326,0.46956614067247726,0.10463776353058375,0.13075114218706574,320219
22-25,2020-03,2020H1,0.2959894740452279,0.4686419460544818,0.10481369122410993,0.13055488867618034,320731
22-25,2020-04,2020H1,0.29630760782716803,0.4698830490539961,0.10315807658729056,0.1306512665315453,324153
22-25,2020-05,2020H1,0.29405902255400457,0.47279300210114705,0.10256898554588563,0.13057898979896276,315066
22-25,2020-06,2020H1,0.29434014373285144,0.47065904574355033,0.10276238450038724,0.13223842602321098,333118
22-25,2020-07,2020H2,0.29496398829619624,0.4725101282916948,0.1024983119513842,0.13002757146072474,355440
22-25,2020-08,2020H2,0.2980958006356707,0.46894776812083366,0.10192107557730712,0.1310353556661885,355530
22-25,2020-09,2020H2,0.2951154402965715,0.4695074156826975,0.10270378831622022,0.13267335570451078,358497
22-25,2020-10,2020H2,0.2942867804946685,0.46438337727803847,0.10464141732379804,0.13668842490349498,326926
22-25,2020-11,2020H2,0.2943359208393756,0.4637403882477669,0.10477571562618053,0.137147975286677,328244
22-25,2020-12,2020H2,0.28913950803658645,0.4706834798567327,0.10402865346476038,0.13614835864192049,337830
22-25,2021-01,2021H1,0.2902727139174914,0.4822074869452569,0.09891889365225637,0.1286009054849954,299508
22-25,2021-02,2021H1,0.2884719628982714,0.481566249740676,0.10000869990028576,0.1299530874607668,298854
22-25,2021-03,2021H1,0.29088227263949284,0.4779714854597154,0.10052341029107206,0.13062283160971971,300338
22-25,2021-04,2021H1,0.2921337143480255,0.47691621846125226,0.09991372647122024,0.131036340719502,311799
22-25,2021-05,2021H1,0.2936033831504506,0.47728531256090506,0.09831120900606034,0.13080009528258402,323249
22-25,2021-06,2021H1,0.2948066662312622,0.4742576590953621,0.09794612154030946,0.13298955313306624,352163
22-25,2021-07,2021H2,0.2976303242505877,0.47556576964989167,0.09776066829025032,0.12904323780927027,378997
22-25,2021-08,2021H2,0.3012725807091036,0.4710240112061105,0.09732136957699576,0.1303820385077901,378365
22-25,2021-09,2021H2,0.29641466826643476,0.47183552428206915,0.0985664960363825,0.1331833114151136,381722
22-25,2021-10,2021H2,0.2966269467447732,0.4675317899472172,0.09964956420163537,0.13619169910637421,344999
22-25,2021-11,2021H2,0.29750241399685823,0.467323850288959,0.09891189992361682,0.13626183579056594,346935
22-25,2021-12,2021H2,0.2968102997498551,0.46832770389632417,0.09884255006430277,0.13601944628951795,353795
22-25,2022-01,2022H1,0.2970459782595582,0.47428728268606657,0.09892986837501659,0.12973687067935866,331548
22-25,2022-02,2022H1,0.2939771297292192,0.47425190204723355,0.09949451399912858,0.13227645422441872,328199
22-25,2022-03,2022H1,0.2969024511407558,0.4707692680503556,0.10000545236450874,0.13232282844437981,330132
22-25,2022-04,2022H1,0.29926401141557185,0.4701554728368456,0.09845053495872674,0.1321299807888558,341989
22-25,2022-05,2022H1,0.3003893675939332,0.47089020396114756,0.09757242658944912,0.13114800185547013,355705
22-25,2022-06,2022H1,0.29943817882382373,0.46963142863099083,0.09784444120160937,0.13308595134357606,383752
22-25,2022-07,2022H2,0.3001939924132903,0.47099380954146125,0.0977301652024564,0.13108203284279202,404655
22-25,2022-08,2022H2,0.30136059213936006,0.46632484137327224,0.09881652636398859,0.13349804012337915,397474
22-25,2022-09,2022H2,0.29678826427368704,0.4667009758120525,0.09972969056814945,0.13678106934611098,400282
22-25,2022-10,2022H2,0.29583600679633304,0.46358812238907077,0.10061767321974902,0.13995819759484712,363137
22-25,2022-11,2022H2,0.2959543713478905,0.4627282131573797,0.1015936477758828,0.13972376771884698,357670
22-25,2022-12,2022H2,0.2940076669953577,0.46476727566836923,0.10080658563878701,0.14041847169748606,361028
22-25,2023-01,2023H1,0.2909297272184634,0.47384655193199426,0.10179688258073621,0.1334268382688061,340089
22-25,2023-02,2023H1,0.2893728870453401,0.472963171649843,0.10185640300189416,0.13580753830292278,333656
22-25,2023-03,2023H1,0.2903007631303307,0.47261110279814456,0.10159808469250337,0.1354900493790214,334150
22-25,2023-04,2023H1,0.2904934890090759,0.4734830899932685,0.10061570065690212,0.13540772034075346,344648
22-25,2023-05,2023H1,0.2920992588183609,0.47332454685883535,0.10071567251959242,0.1338605218032113,352815
22-25,2023-06,2023H1,0.2907487828729456,0.4736963859475715,0.10024342541087897,0.1353114057686039,380404
22-25,2023-07,2023H2,0.2912161705895152,0.4751186108339148,0.1010411742785185,0.13262404429805147,399837
22-25,2023-08,2023H2,0.2933433823435484,0.46977249211195277,0.1019174022456983,0.1349667232988005,391415
22-25,2023-09,2023H2,0.2880392591065397,0.47042458581184443,0.10229410222537842,0.13924205285623745,392877
22-25,2023-10,2023H2,0.2873102190397379,0.4676703876963955,0.10360900477935589,0.1414103884845107,355278
22-25,2023-11,2023H2,0.28583958427085454,0.46796185518844535,0.10433356932593062,0.1418649912147695,348881
22-25,2023-12,2023H2,0.28476453346777986,0.4692866644448812,0.10366623085490316,0.1422825712324358,351069
22-25,2024-01,2024H1,0.3749397005506591,0.5028534154518287,0.03801823394669377,0.08418865005081841,329605
22-25,2024-02,2024H1,0.37230942467007777,0.5023417827246348,0.038244993163355584,0.08710379944193183,323258
22-25,2024-03,2024H1,0.37193219247628717,0.5033557046979866,0.03733376259937096,0.08737834022635528,323032
22-25,2024-04,2024H1,0.37132614327890584,0.5042537808037597,0.03644333313249382,0.08797674278484063,331940
22-25,2024-05,2024H1,0.37646205697912016,0.5013798529722621,0.036266646311388775,0.08589144373722903,340616
22-25,2024-06,2024H1,0.3768070472476084,0.49997430578282165,0.035939448196401186,0.08727919877316874,369733
22-25,2024-07,2024H2,0.38102860020347973,0.49499522130987494,0.03834770365955173,0.08562847482709363,389228
22-25,2024-08,2024H2,0.38914496458082704,0.48305118208692766,0.04074718528794695,0.08705666804429832,379879
22-25,2024-09,2024H2,0.3768671706657901,0.49516870405442776,0.038261672588395496,0.08970245269138663,383334
22-25,2024-10,2024H2,0.370832417542163,0.49397629199818305,0.04051460137441939,0.09467668908523452,341235
22-25,2024-11,2024H2,0.36980702264354653,0.49299100071780694,0.04115525393162444,0.09604672270702205,337138
22-25,2024-12,2024H2,0.3679600345786753,0.4941163325433557,0.04117685110587073,0.0967467817720983,340094
22-25,2025-01,2025H1,0.3748051355496128,0.5050823183483099,0.03878594694617305,0.08132659915590423,315604
22-25,2025-02,2025H1,0.3701406160474503,0.5063970218718291,0.038628601425686034,0.08483376065503455,312411
22-25,2025-03,2025H1,0.37053254247641093,0.507247914355982,0.037871116040571605,0.08434842712703541,311055
22-25,2025-04,2025H1,0.37108629530121945,0.5077067721840162,0.03620984337398159,0.08499708914078286,321211
22-25,2025-05,2025H1,0.3737262345957998,0.5068697460001808,0.03640362770797553,0.08300039169604387,331890
22-25,2025-06,2025H1,0.37527247653365364,0.502049134747987,0.03759898127140887,0.08507940744695049,359664
26-30,2019-01,2019H1,0.24844797105620195,0.35903602899861586,0.1509510888185394,0.24156491112664283,583752
26-30,2019-02,2019H1,0.2465998299488139,0.3587499530481163,0.15171946334850592,0.2429307536545639,585706
26-30,2019-03,2019H1,0.2477066569254352,0.35732623680068826,0.152104891213432,0.24286221506044456,585826
26-30,2019-04,2019H1,0.24923652990690862,0.35813703240599515,0.1511721067751895,0.2414543309119068,596618
26-30,2019-05,2019H1,0.25014524520030634,0.358503116169752,0.15062092323130957,0.24073071539863206,605872
26-30,2019-06,2019H1,0.25053585939049594,0.3587410663441913,0.15089320562284456,0.23982986864246822,625164
26-30,2019-07,2019H2,0.25301200948937586,0.3616531559241942,0.14840079602821113,0.2369340385582188,622591
26-30,2019-08,2019H2,0.2524152981330354,0.3584058869948982,0.1494091247121939,0.23976969015987243,615866
26-30,2019-09,2019H2,0.25100009153788466,0.35769793461625554,0.14977846225989372,0.2415235115859661,622693
26-30,2019-10,2019H2,0.2504722539445393,0.35417641060559235,0.15122207586803002,0.24412925958183834,605077
26-30,2019-11,2019H2,0.24967698443907646,0.3544083775861898,0.1514505133551651,0.24446412461956862,605234
26-30,2019-12,2019H2,0.2478935407385529,0.354011502457194,0.15186689310590956,0.24622806369834355,609435
26-30,2020-01,2020H1,0.24040316090359104,0.3583768107898096,0.15573312704667813,0.24548690125992118,576544
26-30,2020-02,2020H1,0.23833149799726513,0.3579631399978218,0.15692382692636817,0.2467815350785449,578459
26-30,2020-03,2020H1,0.2395786263965589,0.35696718625499724,0.15696304702510097,0.24649114032334285,579818
26-30,2020-04,2020H1,0.24046413937954067,0.35722205006369867,0.15598423027924113,0.24632958027751953,580860
26-30,2020-05,2020H1,0.2383069442451017,0.35716811185286057,0.15579830638414063,0.2487266375178971,571322
26-30,2020-06,2020H1,0.23840070208748093,0.357149442871729,0.15691450309212165,0.24753535194866838,585682
26-30,2020-07,2020H2,0.24061848890675816,0.3615291177367504,0.15450637927421595,0.24334601408227552,586979
26-30,2020-08,2020H2,0.2404495147284182,0.3593989443214711,0.15524604120551677,0.2449054997445939,587300
26-30,2020-09,2020H2,0.23925888850071214,0.3599271720727742,0.155792306038537,0.24502163338797667,595376
26-30,2020-10,2020H2,0.23899052540913007,0.355968992248062,0.15705598621877692,0.247984496124031,580500
26-30,2020-11,2020H2,0.2389299225674165,0.35575197531224617,0.1574084727629299,0.24790962935740743,582313
26-30,2020-12,2020H2,0.23593899993107148,0.36081900544535395,0.15591297520758415,0.24732901941599042,594819
26-30,2021-01,2021H1,0.23280540521575993,0.35902989746118097,0.1560813293669479,0.25208336795611125,541551
26-30,2021-02,2021H1,0.23102382851537073,0.3594099256447635,0.156501728232069,0.25306451760779675,545355
26-30,2021-03,2021H1,0.2325566512281061,0.35705861594188326,0.15684248828394273,0.25354224454606794,546899
26-30,2021-04,2021H1,0.2345135685417569,0.3574094606906739,0.15562536053091716,0.252451610236652,556471
26-30,2021-05,2021H1,0.2354250229162141,0.35862329629649253,0.15467870496456154,0.25127297582273184,566193
26-30,2021-06,2021H1,0.23649220099286283,0.3581424753097824,0.1548174525559693,0.2505478711413855,590011
26-30,2021-07,2021H2,0.2392975884817763,0.3617852029769159,0.1529244327852892,0.24599277575601866,591619
26-30,2021-08,2021H2,0.23885554356622607,0.3593623550040464,0.15339054491502563,0.2483915565147019,593120
26-30,2021-09,2021H2,0.23769685121044098,0.35911602209944754,0.1537003629580333,0.24948676373207823,602549
26-30,2021-10,2021H2,0.2376176555513601,0.3557097433917261,0.1544826572855461,0.25218994377136766,585289
26-30,2021-11,2021H2,0.23894577939041595,0.3552157064302624,0.15394983840525817,0.2518886757740635,587581
26-30,2021-12,2021H2,0.23841686188966904,0.3557153564598367,0.15395280364879355,0.2519149780017007,595046
26-30,2022-01,2022H1,0.23422289480959796,0.3515999010520495,0.1543133303260917,0.25986387381226084,549784
26-30,2022-02,2022H1,0.23173519505397236,0.35174899454375436,0.1548520640223697,0.2616637463799036,550745
26-30,2022-03,2022H1,0.23352644649475193,0.3499351566640319,0.155068723083685,0.26146967375753116,552871
26-30,2022-04,2022H1,0.23573301283244433,0.3504273049739682,0.15430841474374996,0.2595312674498375,564117
26-30,2022-05,2022H1,0.23667367778032306,0.3520932686367202,0.15370998979570585,0.25752306378725087,576228
26-30,2022-06,2022H1,0.23733011781847413,0.353413553730081,0.15296807094229659,0.2562882575091483,597105
26-30,2022-07,2022H2,0.23871791077901902,0.35685365902869787,0.15155326289453686,0.2528751672977463,594748
26-30,2022-08,2022H2,0.23689329576931592,0.35287924137359916,0.15283225818445464,0.2573952046726303,591701
26-30,2022-09,2022H2,0.2349006023945976,0.35282113424627437,0.15326023812813244,0.2590180252309956,600769
26-30,2022-10,2022H2,0.23438505455989267,0.3496043209792029,0.15459035583729241,0.26142026862361206,584312
26-30,2022-11,2022H2,0.2354442692900729,0.3490391613746667,0.15438094811022998,0.2611356212250304,579806
26-30,2022-12,2022H2,0.23427637955184472,0.3482227557132436,0.15520707404528128,0.2622937906896304,583994
26-30,2023-01,2023H1,0.22565614851871127,0.34630428578623107,0.15726300592590106,0.2707765597691566,536121
26-30,2023-02,2023H1,0.22391890301648054,0.3459846570245387,0.1579052560991783,0.2721911838598025,535359
26-30,2023-03,2023H1,0.2248573839284381,0.34603437719337543,0.1578091632692681,0.27129907560891836,535704
26-30,2023-04,2023H1,0.22616186488160184,0.34743704107811624,0.15654581109374538,0.26985528294653655,542576
26-30,2023-05,2023H1,0.22694295242216736,0.34815678174128395,0.15672173713820228,0.2681785286983464,549962
26-30,2023-06,2023H1,0.2271879083559184,0.35089370039272516,0.15629160503771602,0.2656267862136404,568591
26-30,2023-07,2023H2,0.22857238746782965,0.35340126861993865,0.15507651110086607,0.26294983281136564,566127
26-30,2023-08,2023H2,0.22705076641872782,0.34999222771543076,0.15617110461137684,0.2667859012544646,559681
26-30,2023-09,2023H2,0.2251120854515821,0.34985670367237676,0.15718097363806685,0.2678502372379743,566309
26-30,2023-10,2023H2,0.2243532973877306,0.346787172329766,0.15841281675925842,0.2704467135232449,549905
26-30,2023-11,2023H2,0.2237255939389931,0.34632907857704487,0.15857785322193074,0.2713674742620313,544332
26-30,2023-12,2023H2,0.22234584121709405,0.3456929962926501,0.15948192255188642,0.2724792399383694,546482
26-30,2024-01,2024H1,0.2849493971801769,0.33813728575698376,0.14108220558224419,0.23583111148059516,505209
26-30,2024-02,2024H1,0.27963509503728456,0.33875105226602875,0.14152007912642517,0.24009377357026152,502487
26-30,2024-03,2024H1,0.2803809516232016,0.3402726254671889,0.14044806371471594,0.2388983591948936,502741
26-30,2024-04,2024H1,0.2787118943596289,0.33426145010063324,0.1465593245299691,0.24046733100976878,509275
26-30,2024-05,2024H1,0.27913273351086215,0.3349301877241334,0.14688021846519667,0.2390568602998078,515597
26-30,2024-06,2024H1,0.274222115934339,0.32704947742482726,0.15827469854306714,0.2404537080977666,535234
26-30,2024-07,2024H2,0.281373553548096,0.3259773831793271,0.15616886474088418,0.2364801985316927,531905
26-30,2024-08,2024H2,0.2832773809319554,0.3303631854169169,0.1473197179312672,0.23903971571986052,524553
26-30,2024-09,2024H2,0.27814221299083725,0.33469988713254695,0.1482657662310346,0.23889213364558118,532483
26-30,2024-10,2024H2,0.27466064842419285,0.3272341656971832,0.15412553240664312,0.2439796534719808,514879
26-30,2024-11,2024H2,0.2741973705599066,0.32527227611275294,0.1542685804822925,0.2462617728450479,510603
26-30,2024-12,2024H2,0.2733182671702587,0.3214201451109391,0.1594289937193989,0.24583259399940333,512849
26-30,2025-01,2025H1,0.28076525336091,0.33009890916369217,0.15420989425226006,0.23492594322313773,479632
26-30,2025-02,2025H1,0.27645645908850924,0.33615056981216335,0.15042790691850674,0.23696506418082067,479193
26-30,2025-03,2025H1,0.27839771880312536,0.33925057155538435,0.14799725318438,0.2343544564571103,477644
26-30,2025-04,2025H1,0.2766686553114362,0.3345671188253096,0.1539066548036093,0.2348575710596449,484417
26-30,2025-05,2025H1,0.2763078614175793,0.33070268289704025,0.15900948581199364,0.2339799698733868,491260
26-30,2025-06,2025H1,0.2702966493673466,0.3241799808714467,0.17073213753743396,0.2347912322237727,510232
31-34,2019-01,2019H1,0.2246470004198013,0.3186691632627223,0.17653421824780716,0.28014961806966926,450213
31-34,2019-02,2019H1,0.22305763303542825,0.31944189746025786,0.17680317274444604,0.2806972967598679,452605
31-34,2019-03,2019H1,0.2243576025398058,0.3190620015311199,0.17668550047102896,0.27989489545804536,453263
31-34,2019-04,2019H1,0.22595631804225447,0.31982008447412574,0.1761248528448544,0.2780987446387654,459549
31-34,2019-05,2019H1,0.22694734940225503,0.3197494590397364,0.17574433120964308,0.2775588603483655,464914
31-34,2019-06,2019H1,0.22702756249881442,0.31992690468311663,0.17535288302852362,0.27769264978954533,474449
31-34,2019-07,2019H2,0.22957364740649108,0.32289357936876106,0.17295714997508718,0.27457562324966067,465624
31-34,2019-08,2019H2,0.22827481552399,0.32076790649307796,0.17424869037772264,0.2767085876052094,460629
31-34,2019-09,2019H2,0.2279593641462925,0.32051999538617304,0.174547909039256,0.2769727314282785,468158
31-34,2019-10,2019H2,0.22826843999387617,0.3187417656939674,0.17529503343316924,0.27769476087898726,463761
31-34,2019-11,2019H2,0.22775498412109793,0.31936967334522004,0.17546348499319783,0.2774118575404842,463823
31-34,2019-12,2019H2,0.22615077574017783,0.31808662877629207,0.17609398296002687,0.2796686125235032,467489
31-34,2020-01,2020H1,0.2178937710793034,0.3177886706955147,0.18073820097433224,0.28357935725084965,464318
31-34,2020-02,2020H1,0.21672920689278297,0.31788150430852513,0.18123450334631283,0.28415478545237904,466633
31-34,2020-03,2020H1,0.21765812559193976,0.3173739945059419,0.18157604899225605,0.2833918309098623,466686
31-34,2020-04,2020H1,0.21846209120693932,0.3174856072335948,0.1803736558909828,0.28367864566848305,467596
31-34,2020-05,2020H1,0.2160872794679729,0.31700741260467624,0.1795613071997332,0.2873440007276176,461781
31-34,2020-06,2020H1,0.2161762260305223,0.3168448342764064,0.1803174183534669,0.2866615213396044,469034
31-34,2020-07,2020H2,0.21856786281565044,0.3206262763784888,0.17844122445892358,0.28236463634693726,462735
31-34,2020-08,2020H2,0.2181811103493173,0.3188474756628507,0.1795942114244559,0.28337720256337606,462359
31-34,2020-09,2020H2,0.218272480399084,0.3196396496096843,0.17945798465978258,0.28262988533144917,469876
31-34,2020-10,2020H2,0.21826463014629072,0.3173988367244292,0.18022173597169622,0.28411479715758386,465238
31-34,2020-11,2020H2,0.2181478553878253,0.31732291392203865,0.180685958857892,0.28384327183224406,466821
31-34,2020-12,2020H2,0.2154417182937147,0.3206118408760258,0.17903651437124868,0.2849099264590108,476333
31-34,2021-01,2021H1,0.21241945927585,0.3161357436283928,0.1814896982177545,0.2899550988780027,471035
31-34,2021-02,2021H1,0.2113673506446341,0.316772310927741,0.18108031638379907,0.2907800220438258,473602
31-34,2021-03,2021H1,0.21258533501896335,0.31526548672566373,0.18173198482932995,0.290417193426043,474600
31-34,2021-04,2021H1,0.21419038914370064,0.3156121762774536,0.18038937271892586,0.2898080618599199,480311
31-34,2021-05,2021H1,0.21549036732596968,0.31627022861546367,0.1799249935782173,0.28831441048034934,486625
31-34,2021-06,2021H1,0.21584311779173762,0.31609387476560324,0.17862181725760326,0.2894411901850558,499687
31-34,2021-07,2021H2,0.21887473999289736,0.3194642585358429,0.1772715742478819,0.2843894272233778,492775
31-34,2021-08,2021H2,0.21830905965162672,0.3174608323331928,0.17883324142852508,0.2853968665866554,493264
31-34,2021-09,2021H2,0.21805628490953358,0.31831925017106666,0.17886809567002435,0.2847563692493754,502728
31-34,2021-10,2021H2,0.21852750223251996,0.316700053902284,0.17930755677841334,0.2854648870867827,497196
31-34,2021-11,2021H2,0.21951810947247757,0.3161206670233851,0.17847144148314706,0.2858897820209903,498993
31-34,2021-12,2021H2,0.21880869677087353,0.31623469801779336,0.17903393403200427,0.28592267117932885,505245
31-34,2022-01,2022H1,0.21463183481836604,0.3119956539497111,0.17944905088764904,0.2939234603442738,504366
31-34,2022-02,2022H1,0.2127107857164001,0.3125953407599633,0.17926924329284538,0.29542463023079124,506735
31-34,2022-03,2022H1,0.21459313578925834,0.3119639794168096,0.1794380537240153,0.29400483106991676,508376
31-34,2022-04,2022H1,0.2160293377714131,0.312602082285095,0.17818245152300963,0.29318612842048225,516740
31-34,2022-05,2022H1,0.21652738594823595,0.3133692345497458,0.17791865650460323,0.29218472299741505,524959
31-34,2022-06,2022H1,0.21743513675183412,0.3143847984361635,0.1759111043197442,0.29226896049225815,536629
31-34,2022-07,2022H2,0.21882975760320292,0.3171470202038384,0.17526161914921434,0.2887616030437444,527771
31-34,2022-08,2022H2,0.2173547959603345,0.31439740133132266,0.1770476321040686,0.2912001706042742,525192
31-34,2022-09,2022H2,0.21638474877789904,0.3146723124990657,0.17729807304202233,0.29164486568101294,535144
31-34,2022-10,2022H2,0.21582610270945535,0.31341782375519417,0.17804507078400217,0.2927110027513483,529922
31-34,2022-11,2022H2,0.21654330315530892,0.31314841778940433,0.17796238536115863,0.2923458936941281,526763
31-34,2022-12,2022H2,0.21506753346541216,0.3128761798582287,0.17861904797776254,0.2934372386985966,530996
31-34,2023-01,2023H1,0.20910638526807673,0.30584611719134286,0.18046567572552877,0.30458182181505167,520448
31-34,2023-02,2023H1,0.20784681040163042,0.30635429595917807,0.17995793683629843,0.3058409568028931,522072
31-34,2023-03,2023H1,0.20876823524907148,0.3062105142244515,0.17965501397557146,0.30536623655090556,522340
31-34,2023-04,2023H1,0.2094331532133208,0.3075289912267387,0.17878555599404997,0.3042522995658905,527056
31-34,2023-05,2023H1,0.2105466776594406,0.3078815559908427,0.17918534530519034,0.30238642104452634,532471
31-34,2023-06,2023H1,0.2104410484127817,0.31039631210844226,0.17864329332839946,0.30051934615037657,543183
31-34,2023-07,2023H2,0.21213004375394665,0.3117478038956332,0.17741459386547997,0.2987075584849402,535266
31-34,2023-08,2023H2,0.21088758246807643,0.30931035982459754,0.17853381262042844,0.3012682450868976,528841
31-34,2023-09,2023H2,0.20992931578800325,0.3103493234245057,0.17892139058847634,0.3007999701990147,536895
31-34,2023-10,2023H2,0.20941227924653505,0.309088783989624,0.17923824030645333,0.3022606964573876,530456
31-34,2023-11,2023H2,0.20929905752282132,0.308600033042722,0.17962897201053568,0.30247193742392103,526591
31-34,2023-12,2023H2,0.20789327509134947,0.3074424791133716,0.18113836375796827,0.3035258820373106,529286
31-34,2024-01,2024H1,0.253807235803876,0.2818627163046415,0.1869843246439466,0.2773457232475359,510738
31-34,2024-02,2024H1,0.24935770905786886,0.28436452360810854,0.187456919509979,0.2788208478240436,510672
31-34,2024-03,2024H1,0.2494610844157371,0.2856781713712364,0.18624334684215066,0.2786173973708758,510284
31-34,2024-04,2024H1,0.24531969011513893,0.2781546706017125,0.19366250509679048,0.28286313418635806,515030
31-34,2024-05,2024H1,0.2442880963658699,0.2775736780692938,0.19487286128536604,0.28326536427947024,519354
31-34,2024-06,2024H1,0.2325480414068712,0.26667092740639375,0.21007577224341104,0.290705258943324,531989
31-34,2024-07,2024H2,0.24550214475516838,0.2680417111295455,0.20434277000063222,0.28211337411465387,521971
31-34,2024-08,2024H2,0.2473284398399199,0.27543756137892483,0.19478419849313527,0.28244980028802,515242
31-34,2024-09,2024H2,0.24608220496254038,0.2781424458343834,0.19541434691960502,0.28036100228347116,523764
31-34,2024-10,2024H2,0.24296749406582438,0.2719757951408436,0.20176003683348132,0.28329667395985075,516921
31-34,2024-11,2024H2,0.2429638866428314,0.27143956589932683,0.201582090424651,0.2840144570331908,513245
31-34,2024-12,2024H2,0.24034493295119186,0.2682107038287635,0.20614365888846342,0.2853007043315812,517086
31-34,2025-01,2025H1,0.2423461959619904,0.26550753999663707,0.201863570558538,0.2902826934828346,487666
31-34,2025-02,2025H1,0.2400418341399393,0.2727790993355754,0.19829382331227954,0.2888852432122057,487640
31-34,2025-03,2025H1,0.24309343366773561,0.27660844472071167,0.19508194021924824,0.2852161813923045,485842
31-34,2025-04,2025H1,0.23859854240588577,0.2708261193695437,0.20251718111564204,0.28805815710892846,490946
31-34,2025-05,2025H1,0.23689652943837652,0.26326302268467655,0.2100756155884444,0.2897648322885025,495136
31-34,2025-06,2025H1,0.22346563499083036,0.25543235241395207,0.22463966528317572,0.2964623473120419,507653
35-40,2019-01,2019H1,0.20826477837864688,0.29388189714583735,0.19575569808087517,0.3020976263946406,644252
35-40,2019-02,2019H1,0.2071746758694856,0.2948100489343982,0.1956433397765427,0.30237193541957347,647193
35-40,2019-03,2019H1,0.20796510642232943,0.2941232680363115,0.19593576129340506,0.30197586424795403,648830
35-40,2019-04,2019H1,0.2091011675699712,0.29491078376579766,0.1952767248954182,0.30071132376881293,656663
35-40,2019-05,2019H1,0.2102368425425339,0.29439079397161033,0.19497553629073067,0.30039682719512506,662001
35-40,2019-06,2019H1,0.21015096924038948,0.2951597534466843,0.19434386445523033,0.30034541285769584,671660
35-40,2019-07,2019H2,0.21267455166303723,0.2969745138235647,0.19247374411702578,0.2978771903963723,658043
35-40,2019-08,2019H2,0.2108572648824201,0.2952103103458341,0.19364928662398856,0.30028313814775726,650919
35-40,2019-09,2019H2,0.21096788691270663,0.2955752319161226,0.1940011733425029,0.29945570782866787,663063
35-40,2019-10,2019H2,0.21130474800627336,0.29457197701386073,0.19424680428477137,0.29987647069509454,660572
35-40,2019-11,2019H2,0.21086740762627754,0.294582206362555,0.19471479116000334,0.2998355948511641,659955
35-40,2019-12,2019H2,0.20861164068464733,0.2934080719506689,0.1958138774432673,0.30216640992141647,666679
35-40,2020-01,2020H1,0.20474834769090666,0.29257560914285363,0.19839667376496506,0.30427936940127465,652269
35-40,2020-02,2020H1,0.20373857712054236,0.29300057486074493,0.1986746181445569,0.3045862298741558,655811
35-40,2020-03,2020H1,0.20464795676149436,0.29275767203496084,0.19861014741506286,0.3039842237884819,657192
35-40,2020-04,2020H1,0.2049076101075135,0.29259711079343037,0.19770814121836464,0.30478713788069145,658243
35-40,2020-05,2020H1,0.20295443303213437,0.29197608433161176,0.1971352814484587,0.30793420118779513,650954
35-40,2020-06,2020H1,0.20285221028060108,0.29209472110100665,0.1979860672080922,0.3070670014103001,658016
35-40,2020-07,2020H2,0.20503631557493485,0.2946085576293588,0.196712452289487,0.30364267450621935,647656
35-40,2020-08,2020H2,0.2046388080044607,0.2934855337339694,0.19764884455733844,0.30422681370423144,645640
35-40,2020-09,2020H2,0.2048001100311755,0.29375573079039063,0.1973118772541109,0.304132281924323,654360
35-40,2020-10,2020H2,0.20514764552844533,0.2927841859242252,0.19767136144493597,0.3043968071023935,654202
35-40,2020-11,2020H2,0.20485381176295084,0.292514997861254,0.1982092378605233,0.3044219525152719,656927
35-40,2020-12,2020H2,0.20285384936256357,0.2943660097689919,0.19722329786454681,0.30555684300389774,668851
35-40,2021-01,2021H1,0.19988599335988352,0.2930417433772156,0.1989862652811265,0.30808599798177433,649085
35-40,2021-02,2021H1,0.19885850273046637,0.2939807228768059,0.19865023384308164,0.3085105405496461,653002
35-40,2021-03,2021H1,0.1995007331836957,0.29317582218044713,0.19864013879373352,0.30868330584212367,655361
35-40,2021-04,2021H1,0.20108156132851632,0.29384380368709967,0.19763501007069886,0.3074396249136851,661821
35-40,2021-05,2021H1,0.20231205232759755,0.29457143027969435,0.19695343609121457,0.30616308130149356,669016
35-40,2021-06,2021H1,0.20294974000924085,0.29455302858064847,0.195725737251652,0.30677149415845867,681755
35-40,2021-07,2021H2,0.20581760959517387,0.2971496479449325,0.19510127346661946,0.3019314689932742,672338
35-40,2021-08,2021H2,0.2053901338746502,0.29579014936354064,0.1957170239288464,0.30310269283296276,671449
35-40,2021-09,2021H2,0.20587925418431166,0.2959718226595219,0.19519276075307365,0.3029561624030928,683386
35-40,2021-10,2021H2,0.2060275556298901,0.2950427154810058,0.19567255425812385,0.30325717463098023,681603
35-40,2021-11,2021H2,0.20691286703340192,0.2948022798529749,0.19534566525648345,0.30293918785713975,684781
35-40,2021-12,2021H2,0.20599682693845672,0.2947229479211548,0.19615053741748528,0.3031296877229033,693967
35-40,2022-01,2022H1,0.20337721942170542,0.293454362253887,0.19625847071397162,0.306909947610436,686778
35-40,2022-02,2022H1,0.20195931107907159,0.2939010133067218,0.19607615610667425,0.30806351950753236,689426
35-40,2022-03,2022H1,0.20311460193406733,0.29349955322149673,0.19599357331858988,0.30739227152584603,692737
35-40,2022-04,2022H1,0.20471071767309515,0.2941798896588653,0.19499676723831008,0.30611262542972945,702186
35-40,2022-05,2022H1,0.20551852434692686,0.2951109437525291,0.19425132637920955,0.3051192055213345,711712
35-40,2022-06,2022H1,0.206412025069738,0.29617291152328795,0.19210640538993837,0.3053086580170357,723422
35-40,2022-07,2022H2,0.20803074887014797,0.29810635392174806,0.19234516451490277,0.3015177326932012,710270
35-40,2022-08,2022H2,0.20625166523999297,0.29578772229182376,0.19353206614474974,0.3044285463234335,705604
35-40,2022-09,2022H2,0.2060200166178847,0.2965596524997112,0.19312515048649762,0.3042951803959065,718503
35-40,2022-10,2022H2,0.20576823914709777,0.29585534109121314,0.19336213504285416,0.3050142847188349,717550
35-40,2022-11,2022H2,0.20628560880035576,0.2958862308443184,0.193475530793134,0.30435262956219183,715062
35-40,2022-12,2022H2,0.20470251675015178,0.29494127398175435,0.19510011282270204,0.30525609644539187,721486
35-40,2023-01,2023H1,0.19989899875209202,0.2923902654830322,0.19625126773260546,0.3114594680322703,718803
35-40,2023-02,2023H1,0.19874182784454805,0.29269145103086347,0.19596253221015025,0.3126041889144382,721046
35-40,2023-03,2023H1,0.1989386246991339,0.292918255821361,0.19598605144568068,0.3121570680338244,722082
35-40,2023-04,2023H1,0.19986119223501117,0.29348359388421236,0.19501528946916338,0.31163992441161315,727625
35-40,2023-05,2023H1,0.2005318133471514,0.2939482368342106,0.19510731720620722,0.3104126326124308,733340
35-40,2023-06,2023H1,0.20078164542941496,0.2958169483606524,0.19482868109752577,0.30857272511240685,744839
35-40,2023-07,2023H2,0.2019629255507931,0.2970487864806574,0.19384231073739386,0.30714597723115566,732580
35-40,2023-08,2023H2,0.20086158911950233,0.2949223147162129,0.194501188517854,0.3097149076464308,724011
35-40,2023-09,2023H2,0.20054180281965822,0.2960777064314958,0.1946140504450232,0.3087664403038228,735692
35-40,2023-10,2023H2,0.1999171687570393,0.29540272933046113,0.19507304458125116,0.30960705733124844,731608
35-40,2023-11,2023H2,0.19972212001559642,0.294890522974524,0.1955868704453219,0.30980048656455766,728372
35-40,2023-12,2023H2,0.19811307881457466,0.2935849046305166,0.19699686422846102,0.31130515232644773,732834
35-40,2024-01,2024H1,0.2347214230163102,0.2630800583355772,0.2256799552778799,0.27651856337023273,731629
35-40,2024-02,2024H1,0.22963025694471953,0.2662029796353792,0.22570594574807096,0.27846081767183034,732103
35-40,2024-03,2024H1,0.2297718832312634,0.26809446422825856,0.22466338734041916,0.2774702652000589,733484
35-40,2024-04,2024H1,0.2250243860861989,0.25954777846475213,0.23350167962973736,0.28192615581931163,739151
35-40,2024-05,2024H1,0.2222662387366216,0.25815059019431424,0.23629392885439188,0.2832892422146723,744670
35-40,2024-06,2024H1,0.20836528904019358,0.24506870091966435,0.25549297150452965,0.2910730385356124,757559
35-40,2024-07,2024H2,0.2239386973593082,0.2465337382807342,0.24740013528189567,0.282127429078062,742154
35-40,2024-08,2024H2,0.22577590224130556,0.25418818439353835,0.23823215503422565,0.28180375833093047,731761
35-40,2024-09,2024H2,0.22574231123740676,0.2566476284009601,0.2377636544883483,0.27984640587328485,745341
35-40,2024-10,2024H2,0.2220307043908765,0.2503319667425383,0.24590529323166077,0.2817320356349244,740285
35-40,2024-11,2024H2,0.22195220902006918,0.2514460631668071,0.24449084872340743,0.28211087908971627,737001
35-40,2024-12,2024H2,0.21856298709165062,0.24795471982555556,0.24946899438708897,0.28401329869570485,742930
35-40,2025-01,2025H1,0.2218361102488541,0.2447488547659073,0.24563171636626527,0.2877833186189733,744171
35-40,2025-02,2025H1,0.22063077616650387,0.25437405407726243,0.23861404205532238,0.2863811277009113,745304
35-40,2025-03,2025H1,0.2225266525953511,0.2584206068590941,0.23567885135044297,0.2833738891951118,743830
35-40,2025-04,2025H1,0.2175348134086613,0.25127775807780395,0.24453103545728674,0.286656393056248,750142
35-40,2025-05,2025H1,0.21352767409435713,0.242951550308049,0.2546803188932746,0.2888404567043193,755237
35-40,2025-06,2025H1,0.1982192991577415,0.2317237704065717,0.2735663408547364,0.2964905895809504,769360
41-49,2019-01,2019H1,0.19876432375922287,0.2765104922690078,0.21365792424268923,0.31106725972908006,1029234
41-49,2019-02,2019H1,0.198303453697375,0.2773762200824457,0.21336073779046238,0.3109595884297169,1032922
41-49,2019-03,2019H1,0.1988519216364605,0.2770475061583487,0.21350164866137963,0.31059892354381113,1035992
41-49,2019-04,2019H1,0.1999458206260685,0.2770710209270225,0.21329251692866127,0.3096906415182477,1044678
41-49,2019-05,2019H1,0.2005587596905126,0.27719885545613804,0.21291199249404558,0.3093303923593038,1050899
41-49,2019-06,2019H1,0.20069959165384899,0.27736568725090227,0.21286149177189095,0.3090732293233578,1062334
41-49,2019-07,2019H2,0.2022688590271768,0.2786749510211209,0.2113201175109327,0.3077360724407696,1042286
41-49,2019-08,2019H2,0.20154270731645782,0.2771031492655207,0.21219551956961785,0.30915862384840365,1030526
41-49,2019-09,2019H2,0.20207466263084878,0.27786663456356986,0.2119998700588939,0.30805883274668744,1046628
41-49,2019-10,2019H2,0.20193855195753393,0.2771062101175352,0.21237146526490133,0.3085837726600295,1045729
41-49,2019-11,2019H2,0.20130211047856578,0.2772990388137177,0.2128744069688157,0.3085244437389008,1045687
41-49,2019-12,2019H2,0.199172059607932,0.276058172961185,0.2144148481715923,0.3103549192592907,1059255
41-49,2020-01,2020H1,0.19340854190791798,0.2742356279304103,0.216084376287623,0.31627145387404876,1024174
41-49,2020-02,2020H1,0.19303633638893755,0.2746141569840992,0.21625114341877347,0.3160983632081898,1027620
41-49,2020-03,2020H1,0.19361910392215773,0.27408003256350366,0.21608210654855936,0.3162187569657792,1031830
41-49,2020-04,2020H1,0.19401428600476975,0.273872219946764,0.21560983733862402,0.31650365670984226,1032759
41-49,2020-05,2020H1,0.19209830714332515,0.2732294729759992,0.21549769164798047,0.3191745282326952,1022591
41-49,2020-06,2020H1,0.19177873719759375,0.2729347971486233,0.21622035551092336,0.3190661101428596,1031642
41-49,2020-07,2020H2,0.1938786763981834,0.274537877683815,0.2144570530519964,0.3171263928660052,1015532
41-49,2020-08,2020H2,0.1936234937045686,0.2738777461771551,0.21505637130918642,0.31744238880908987,1010177
41-49,2020-09,2020H2,0.19421947347015392,0.2743594356150669,0.2148784570141409,0.3165426339006382,1022848
41-49,2020-10,2020H2,0.19399051390652713,0.27393022772285924,0.21527126342309558,0.31680799494751805,1024447
41-49,2020-11,2020H2,0.19374549248577305,0.2739264451540755,0.215772820309679,0.3165552420504725,1027451
41-49,2020-12,2020H2,0.19184232452569983,0.2746870720285011,0.21607975712767077,0.31739084631812825,1044170
41-49,2021-01,2021H1,0.1893760824988553,0.27254782902988195,0.21633453445083714,0.32174155402042565,1004620
41-49,2021-02,2021H1,0.1886550559959546,0.27339213032506904,0.21631839612118328,0.3216344175577931,1008555
41-49,2021-03,2021H1,0.18952346953467228,0.2727412582171477,0.21620294308497315,0.3215323291632069,1014038
41-49,2021-04,2021H1,0.19051463859813952,0.2730045949001013,0.2156901892276751,0.32079057727408405,1021785
41-49,2021-05,2021H1,0.19167303440715933,0.27351929401095804,0.2151668412738329,0.31964083030804974,1029931
41-49,2021-06,2021H1,0.19229428907330037,0.2736902167877425,0.214272721354416,0.3197427727845411,1044524
41-49,2021-07,2021H2,0.194242720988181,0.2756028272525427,0.21337321478781063,0.3167812369714657,1031390
41-49,2021-08,2021H2,0.19422149321222948,0.2746765666742551,0.2138337429150152,0.3172681971985002,1027878
41-49,2021-09,2021H2,0.19475183122453438,0.27486095725801196,0.2136419040902139,0.3167453074272397,1043564
41-49,2021-10,2021H2,0.1949113778208188,0.27414023758897144,0.21389514621080616,0.3170532383794036,1044998
41-49,2021-11,2021H2,0.1954932328861986,0.2740888552708515,0.21386922095921418,0.3165486908837358,1048379
41-49,2021-12,2021H2,0.19448061893137747,0.2730224770409458,0.21507376776543147,0.3174231362622453,1064286
41-49,2022-01,2022H1,0.19223187040727363,0.2713328247602441,0.21503689749657492,0.32139840733590735,1027712
41-49,2022-02,2022H1,0.19093935407140233,0.27233436395330535,0.21507471185070456,0.3216515701245878,1029154
41-49,2022-03,2022H1,0.1920229103482914,0.27187107616821526,0.21480866188884812,0.32129735159464523,1035340
41-49,2022-04,2022H1,0.19374085073366126,0.2722611444274996,0.2139982341677082,0.31999977067113095,1046532
41-49,2022-05,2022H1,0.19471486071511063,0.27285033264041136,0.2136679805678931,0.3187668260765849,1056396
41-49,2022-06,2022H1,0.19537712781624458,0.2733591094612727,0.21227529652676805,0.3189884661957147,1069465
41-49,2022-07,2022H2,0.19681359562970438,0.27480050490878255,0.21170783398127424,0.31667806548023886,1051279
41-49,2022-08,2022H2,0.19569539567889926,0.27303767032305154,0.21245747618330582,0.3188094578147434,1042651
41-49,2022-09,2022H2,0.195770789446339,0.2739332508336561,0.21230977054383662,0.3179861891761683,1058590
41-49,2022-10,2022H2,0.19561569851854224,0.2733540979716815,0.21245652325382133,0.31857368025595495,1062062
41-49,2022-11,2022H2,0.19584033669053322,0.2733247244820982,0.21262570592895239,0.3182092328984162,1057826
41-49,2022-12,2022H2,0.19407600216973003,0.2724140860665801,0.21422442888205687,0.319285482881633,1071101
41-49,2023-01,2023H1,0.1926692715983153,0.27071416669957343,0.21471038354520475,0.32190617815690653,1038287
41-49,2023-02,2023H1,0.1916583893514463,0.27130330935556174,0.21470378109041327,0.3223345202025787,1039991
41-49,2023-03,2023H1,0.19207190247886038,0.27099727595653034,0.21484670785640209,0.3220841137082072,1043302
41-49,2023-04,2023H1,0.19295273073107605,0.27136255909492446,0.21406728411591325,0.32161742605808624,1049371
41-49,2023-05,2023H1,0.19350990691892547,0.27169933600145535,0.21421722454672246,0.3205735325328967,1055424
41-49,2023-06,2023H1,0.19348247095974258,0.27274149020254196,0.214627262068423,0.31914877676929243,1067828
41-49,2023-07,2023H2,0.19496633277023007,0.27391182278902665,0.2129681886316591,0.3181536558090842,1050725
41-49,2023-08,2023H2,0.19420781347849125,0.2723339274531528,0.21325882749650754,0.3201994315718484,1037950
41-49,2023-09,2023H2,0.1942533609973465,0.27347148263362164,0.2131789233613863,0.31909623300764556,1054077
41-49,2023-10,2023H2,0.19375814720648205,0.2730687082663505,0.21374184329240253,0.319431301234765,1052508
41-49,2023-11,2023H2,0.193480525744374,0.2724174842698953,0.21424302475543391,0.3198589652302967,1049103
41-49,2023-12,2023H2,0.19136040703978016,0.2711538298219673,0.21600775277919582,0.3214780103590567,1059749
41-49,2024-01,2024H1,0.21747673317122238,0.23363216437660525,0.2788386605337943,0.2700524419183781,1023990
41-49,2024-02,2024H1,0.2133739082708221,0.23586428620956706,0.2799758581726238,0.270785947346987,1023949
41-49,2024-03,2024H1,0.21393455395403194,0.24093981301129724,0.2759544215037008,0.26917121153097,1026800
41-49,2024-04,2024H1,0.2098294341083396,0.23232477681271624,0.28548230227663124,0.2723634868023129,1033325
41-49,2024-05,2024H1,0.20623595332656014,0.2314718604722761,0.28779324836058,0.2744989378405837,1039392
41-49,2024-06,2024H1,0.19067768852398317,0.21611581114989922,0.3124880732098422,0.2807184271162754,1053301
41-49,2024-07,2024H2,0.20573177867944695,0.2156197255981081,0.3033712646957834,0.2752772310266616,1033885
41-49,2024-08,2024H2,0.20898791755647614,0.22421628917818393,0.29184246227976296,0.274953330985577,1019413
41-49,2024-09,2024H2,0.21062962491169965,0.22967740939322703,0.2879324787017629,0.2717604869933104,1036236
41-49,2024-10,2024H2,0.20761053233296223,0.22520246488238999,0.2949676123894096,0.2722193903952381,1033883
41-49,2024-11,2024H2,0.20724930856449067,0.22552628618641798,0.294263509660702,0.2729608955883893,1031188
41-49,2024-12,2024H2,0.20342590229308238,0.21993747709124545,0.30227945706011833,0.27435716355555384,1042178
41-49,2025-01,2025H1,0.20522799270044162,0.21878629041814462,0.29807616346586824,0.2779095534155455,1012664
41-49,2025-02,2025H1,0.20425798161841988,0.225791648450553,0.2939365260135972,0.27601384391742995,1013297
41-49,2025-03,2025H1,0.20700163000389035,0.23248386000679577,0.2878015630309208,0.27271294695839304,1015335
41-49,2025-04,2025H1,0.20250121803037152,0.22582772256692318,0.2966388231772102,0.2750322362254951,1022142
41-49,2025-05,2025H1,0.19830634129635719,0.21889721491991898,0.30559895858669783,0.277197485197026,1027834
41-49,2025-06,2025H1,0.1809380529444125,0.20413159584977866,0.3308252918874444,0.28410505931836444,1041583
50+,2019-01,2019H1,0.23259129011698237,0.2939759933686736,0.21021884086590364,0.2632138756484404,1691366
50+,2019-02,2019H1,0.23181984140769282,0.2951226544065431,0.20994457185866827,0.26311293232709576,1692642
50+,2019-03,2019H1,0.23177895867987575,0.29474570532730776,0.21027306316517747,0.263202272827639,1698325
50+,2019-04,2019H1,0.23307002756585762,0.2942842346207532,0.2101265364049352,0.262519201408454,1710812
50+,2019-05,2019H1,0.2338765083605018,0.2936504511229959,0.21000519068476214,0.26246784983174015,1714610
50+,2019-06,2019H1,0.23321115103319975,0.29282564401692146,0.21123099242630808,0.2627322125235707,1738386
50+,2019-07,2019H2,0.23555092130546826,0.29484039146172525,0.20817243382539138,0.2614362534074151,1678325
50+,2019-08,2019H2,0.2362568093576087,0.2946603108574456,0.20705843109457434,0.2620244486903714,1630844
50+,2019-09,2019H2,0.2357848392497922,0.29484262259537203,0.208105568738933,0.26126696941590277,1660340
50+,2019-10,2019H2,0.23521031378665677,0.29368164096505034,0.20923853333285306,0.26186951191543983,1665654
50+,2019-11,2019H2,0.2337678723888753,0.29372452863517645,0.21042028540545996,0.26208731357048826,1664369
50+,2019-12,2019H2,0.23046353876234374,0.2906487566262679,0.21438226595421786,0.26450543865717047,1700052
50+,2020-01,2020H1,0.22773809928227284,0.29113869928203856,0.21104950759488184,0.27007369384080676,1707334
50+,2020-02,2020H1,0.22721788886775057,0.2919772291572154,0.21093468748628041,0.2698701944887536,1708325
50+,2020-03,2020H1,0.22709580873244892,0.2912665013518337,0.21112515950237593,0.2705125304133415,1714708
50+,2020-04,2020H1,0.22817696022838715,0.29064677100452757,0.2103552916696185,0.2708209770974668,1707977
50+,2020-05,2020H1,0.22712182978731035,0.2886336557425366,0.21050995415249066,0.27373456031766247,1672719
50+,2020-06,2020H1,0.2267132608718825,0.2869351459355617,0.21187216558827257,0.27447942760428323,1688622
50+,2020-07,2020H2,0.22897827365261558,0.2888335124150122,0.20939664980440875,0.27279156412796346,1644501
50+,2020-08,2020H2,0.22936105420038394,0.28962961767987067,0.20846244243605763,0.2725468856836878,1611686
50+,2020-09,2020H2,0.2297082562199686,0.2892749295509419,0.20920481370817307,0.2718120005209164,1635579
50+,2020-10,2020H2,0.22901335530373018,0.2888215449641559,0.2101175139975966,0.2720475857345173,1640996
50+,2020-11,2020H2,0.227987144037147,0.2885615019384914,0.2112499406956672,0.2722014133286944,1644062
50+,2020-12,2020H2,0.2249925894307497,0.28852191749961464,0.21302659505092544,0.2734588980187102,1686780
50+,2021-01,2021H1,0.2230075861738327,0.2874968704147507,0.2108100461610125,0.2786854972504041,1689521
50+,2021-02,2021H1,0.22194825874529853,0.28871059582325925,0.21089885840010453,0.27844228703133767,1691223
50+,2021-03,2021H1,0.22200078539749415,0.2880707305197577,0.2110658621150507,0.27886262196769745,1698503
50+,2021-04,2021H1,0.22313110576863976,0.2880111079696287,0.21054976137416637,0.2783080248875652,1708323
50+,2021-05,2021H1,0.22368510848281545,0.2886698059225895,0.21023915390578382,0.27740593168881117,1714419
50+,2021-06,2021H1,0.22341337882710507,0.2875811091177548,0.21088917047682756,0.27811634157831255,1738553
50+,2021-07,2021H2,0.22537993410487944,0.28968690094340455,0.20889849311024145,0.27603467184147457,1696939
50+,2021-08,2021H2,0.22574666011746478,0.2897528838632916,0.20837223675485042,0.2761282192643932,1663307
50+,2021-09,2021H2,0.22583681166827568,0.289703300395631,0.20892843621632878,0.2755314517197645,1690464
50+,2021-10,2021H2,0.2250875556717469,0.28868052954989204,0.20990927654402985,0.27632263823433123,1698348
50+,2021-11,2021H2,0.22513712055078813,0.2882161033998367,0.210782698927742,0.2758640771216332,1699964
50+,2021-12,2021H2,0.22248257143858066,0.2864486509986211,0.21311918844554864,0.2779495891172496,1741251
50+,2022-01,2022H1,0.22103853412065502,0.2861131861210942,0.21150157963098137,0.28134670012726937,1757689
50+,2022-02,2022H1,0.22011606826445698,0.28702738304008607,0.2113237775855841,0.28153277110987285,1755174
50+,2022-03,2022H1,0.22061199571488443,0.2860932800926438,0.21163060670453857,0.28166411748793324,1763313
50+,2022-04,2022H1,0.22190672223065805,0.2861421830799773,0.21133662893039318,0.2806144657589715,1778130
50+,2022-05,2022H1,0.22279644643530386,0.28603935949916265,0.2111710631271235,0.27999313093841005,1787726
50+,2022-06,2022H1,0.2227997986870413,0.2852178770331779,0.21169274333150825,0.2802895809482725,1808130
50+,2022-07,2022H2,0.22436518903917949,0.2867070487969095,0.2098450524675289,0.2790827096963821,1755562
50+,2022-08,2022H2,0.2243845546753968,0.2860699774926193,0.20908772032387243,0.2804577475081114,1710550
50+,2022-09,2022H2,0.22383826351208674,0.2865356542815435,0.20993311666253522,0.27969296554383455,1742736
50+,2022-10,2022H2,0.2225807129704907,0.2855660034871889,0.2107107490979498,0.2811425344443706,1760157
50+,2022-11,2022H2,0.22289690670875506,0.2857729448402958,0.21122504962300262,0.2801050988279465,1746166
50+,2022-12,2022H2,0.21990141619619893,0.28347692619892895,0.21425972734453264,0.2823619302603395,1783863
50+,2023-01,2023H1,0.2190834724698695,0.2828438674007961,0.21329783892186838,0.28477482120746606,1798593
50+,2023-02,2023H1,0.21817705605028812,0.2836858372287266,0.2134119418688323,0.284725164852153,1798278
50+,2023-03,2023H1,0.21833264752419207,0.2830250330489856,0.21378249309252664,0.2848598263342957,1805653
50+,2023-04,2023H1,0.21921470968637874,0.283181080996186,0.2134438712670991,0.28416033805033614,1814641
50+,2023-05,2023H1,0.2201680173817145,0.2826873773866355,0.21377729348778865,0.28336731174386137,1820764
50+,2023-06,2023H1,0.2196550806928785,0.28275457748199134,0.21490253342525392,0.28268780839987623,1842170
50+,2023-07,2023H2,0.2214581504165897,0.2838285504732997,0.2123689209079629,0.28234437820214775,1791571
50+,2023-08,2023H2,0.22169639502433625,0.2833478174825115,0.21110432316001113,0.2838514643331412,1743285
50+,2023-09,2023H2,0.221484146615696,0.2841336856307623,0.21195075331684282,0.2824314144366989,1778800
50+,2023-10,2023H2,0.22093380333955928,0.28359924165741757,0.21253297538305901,0.28293397961996414,1781253
50+,2023-11,2023H2,0.21994003563654327,0.28326438387994973,0.21345580511638138,0.2833397753671256,1777389
50+,2023-12,2023H2,0.21671968166676064,0.28057539241603563,0.21698890278298347,0.2857160231342203,1808922
50+,2024-01,2024H1,0.24924533160848117,0.24461370984100705,0.2975113029395571,0.2086296556109547,1828949
50+,2024-02,2024H1,0.24524764703143956,0.24556913496742674,0.2994706676488388,0.2097125503522949,1825885
50+,2024-03,2024H1,0.24785643070787636,0.25237875414851335,0.29091192176893976,0.2088528933746705,1830475
50+,2024-04,2024H1,0.24292896524066787,0.2442190045504588,0.3011714687211657,0.21168056148770767,1840254
50+,2024-05,2024H1,0.24020193220770014,0.24346466321636018,0.3046400580041068,0.21169334657183284,1848145
50+,2024-06,2024H1,0.22016683137778897,0.22640753302582514,0.33574761417895954,0.21767802141742637,1873988
50+,2024-07,2024H2,0.2374567182069195,0.22712836107923345,0.32283374248314145,0.2125811782307056,1822071
50+,2024-08,2024H2,0.24248607327058172,0.23469898742987125,0.30965803478216586,0.21315690451738117,1767285
50+,2024-09,2024H2,0.2453972565454914,0.24216998975162266,0.30189997694809434,0.2105327767547916,1800285
50+,2024-10,2024H2,0.24380679509694436,0.23996643080905747,0.3053425411788736,0.21088423291512456,1801652
50+,2024-11,2024H2,0.24359119965349108,0.23976813298281596,0.30602738444785166,0.2106132829158413,1796202
50+,2024-12,2024H2,0.2378626182854944,0.23120277325916985,0.32027874709205717,0.21065586136327857,1829472
50+,2025-01,2025H1,0.23535121078087343,0.22722366395186255,0.32048344187109307,0.21694168339617098,1838070
50+,2025-02,2025H1,0.2337002323281769,0.23250697475134563,0.3169666073217718,0.21682618559870567,1834474
50+,2025-03,2025H1,0.23758872191492486,0.24128988746933824,0.3065418984994099,0.21457949211632701,1838610
50+,2025-04,2025H1,0.23376352284925522,0.2345406219496697,0.3148906139731828,0.2168052412278923,1849185
50+,2025-05,2025H1,0.23066354445989004,0.22799391741471786,0.3248152325714998,0.21652730555389232,1853817
50+,2025-06,2025H1,0.20896877124448143,0.21034172704957174,0.3565144064534779,0.22417509525246895,1878429
