year_month,exposure_quartile,n_ads,share
2020-01,Q1 (lowest),8001,0.14988198269079464
2020-01,Q2,17341,0.32484732681428197
2020-01,Q3,12050,0.22573151998801094
2020-01,Q4 (highest),15990,0.2995391705069124
2020-02,Q1 (lowest),8472,0.15422423679755337
2020-02,Q2,17657,0.3214279212859301
2020-02,Q3,12697,0.23113611126281106
2020-02,Q4 (highest),16107,0.2932117306537054
2020-03,Q1 (lowest),6636,0.13648984964725724
2020-03,Q2,16108,0.33131080441802585
2020-03,Q3,10815,0.22244390053271354
2020-03,Q4 (highest),15060,0.30975544540200334
2020-04,Q1 (lowest),3908,0.11154241351752484
2020-04,Q2,11564,0.33006050919054686
2020-04,Q3,8437,0.2408094531339194
2020-04,Q4 (highest),11127,0.3175876241580089
2020-05,Q1 (lowest),3674,0.10833923095069592
2020-05,Q2,11270,0.3323307383816938
2020-05,Q3,8155,0.24047534795942438
2020-05,Q4 (highest),10813,0.3188546827081859
2020-06,Q1 (lowest),4251,0.12659698025551683
2020-06,Q2,11171,0.3326781619464546
2020-06,Q3,8131,0.2421453884868519
2020-06,Q4 (highest),10026,0.2985794693111766
2020-07,Q1 (lowest),3275,0.14280108136391384
2020-07,Q2,8150,0.35536757652393824
2020-07,Q3,5283,0.2303566756780326
2020-07,Q4 (highest),6226,0.2714746664341153
2020-08,Q1 (lowest),4789,0.1586865038603002
2020-08,Q2,10551,0.3496139699791246
2020-08,Q3,7309,0.24218827661619008
2020-08,Q4 (highest),7530,0.24951124954438517
2020-09,Q1 (lowest),6007,0.15444938677911194
2020-09,Q2,12588,0.3236572133802998
2020-09,Q3,9620,0.24734528064176073
2020-09,Q4 (highest),10678,0.27454811919882754
2020-10,Q1 (lowest),5809,0.1397704578811867
2020-10,Q2,12685,0.3052140227617237
2020-10,Q3,10666,0.2566348259185294
2020-10,Q4 (highest),12401,0.29838069343856016
2020-11,Q1 (lowest),5097,0.12165839220928013
2020-11,Q2,13402,0.3198873400801986
2020-11,Q3,10615,0.25336547641779644
2020-11,Q4 (highest),12782,0.30508879129272487
2020-12,Q1 (lowest),4172,0.11521997293490568
2020-12,Q2,10715,0.29592090364274076
2020-12,Q3,8954,0.24728658620784888
2020-12,Q4 (highest),12368,0.3415725372145047
2021-01,Q1 (lowest),5763,0.14947089947089948
2021-01,Q2,12947,0.3357972818757132
2021-01,Q3,8810,0.2284988069301795
2021-01,Q4 (highest),11036,0.2862330117232078
2021-02,Q1 (lowest),6825,0.14677103718199608
2021-02,Q2,14483,0.31145566762005117
2021-02,Q3,11314,0.24330659555708478
2021-02,Q4 (highest),13879,0.2984666996408679
2021-03,Q1 (lowest),8425,0.1402600429520369
2021-03,Q2,19235,0.32022574791482844
2021-03,Q3,14604,0.2431285065010738
2021-03,Q4 (highest),17803,0.2963857026320609
2021-04,Q1 (lowest),9234,0.14767075530536855
2021-04,Q2,19699,0.315027746237866
2021-04,Q3,14838,0.23729030400921144
2021-04,Q4 (highest),18760,0.30001119444755403
2021-05,Q1 (lowest),9651,0.15570398335027347
2021-05,Q2,18564,0.2995014762112192
2021-05,Q3,14565,0.23498378587677266
2021-05,Q4 (highest),19203,0.3098107545617347
2021-06,Q1 (lowest),8856,0.1639332123949502
2021-06,Q2,15945,0.2951575284143497
2021-06,Q3,12506,0.23149827847913812
2021-06,Q4 (highest),16715,0.309410980711562
2021-07,Q1 (lowest),6225,0.1740674458922879
2021-07,Q2,10812,0.302332084335328
2021-07,Q3,8338,0.23315250824897937
2021-07,Q4 (highest),10387,0.29044796152340474
2021-08,Q1 (lowest),8878,0.17449242320014152
2021-08,Q2,16300,0.3203679317596651
2021-08,Q3,11824,0.23239450460897423
2021-08,Q4 (highest),13877,0.27274514043121917
2021-09,Q1 (lowest),11442,0.16444853258213804
2021-09,Q2,21096,0.3031992871309897
2021-09,Q3,16888,0.24272040012647675
2021-09,Q4 (highest),20152,0.28963178016039554
2021-10,Q1 (lowest),11404,0.16130355450572145
2021-10,Q2,21157,0.2992545863449271
2021-10,Q3,16637,0.2353215745625822
2021-10,Q4 (highest),21501,0.30412028458676926
2021-11,Q1 (lowest),11107,0.14793553542887586
2021-11,Q2,23637,0.31482418753329783
2021-11,Q3,18155,0.24180873734683006
2021-11,Q4 (highest),22181,0.2954315396909963
2021-12,Q1 (lowest),9596,0.13749229865459286
2021-12,Q2,21009,0.30101872680641323
2021-12,Q3,16667,0.23880618400126088
2021-12,Q4 (highest),22521,0.322682790537733
2022-01,Q1 (lowest),12066,0.16185762002495072
2022-01,Q2,24969,0.3349430560585939
2022-01,Q3,17507,0.2348451312594739
2022-01,Q4 (highest),20005,0.2683541926569815
2022-02,Q1 (lowest),14428,0.16614846035145903
2022-02,Q2,27408,0.315622193049126
2022-02,Q3,21279,0.24504249291784702
2022-02,Q4 (highest),23723,0.273186853681568
2022-03,Q1 (lowest),17566,0.17313056248213599
2022-03,Q2,32420,0.3195316427001508
2022-03,Q3,22189,0.2186948679788293
2022-03,Q4 (highest),29286,0.28864292683888393
2022-04,Q1 (lowest),14793,0.16709589969501865
2022-04,Q2,28473,0.32161978990172824
2022-04,Q3,20029,0.22623969275951655
2022-04,Q4 (highest),25235,0.28504461764373656
2022-05,Q1 (lowest),17404,0.1674749807544265
2022-05,Q2,34701,0.3339203233256351
2022-05,Q3,23518,0.22630869899923017
2022-05,Q4 (highest),28297,0.2722959969207082
2022-06,Q1 (lowest),13499,0.15939872707735545
2022-06,Q2,27483,0.32452442523645897
2022-06,Q3,19769,0.23343606456717086
2022-06,Q4 (highest),23936,0.28264078311901475
2022-07,Q1 (lowest),9409,0.16559601541737798
2022-07,Q2,18165,0.3196993963286929
2022-07,Q3,14446,0.25424593885848046
2022-07,Q4 (highest),14799,0.2604586493954487
2022-08,Q1 (lowest),14245,0.17381914023891742
2022-08,Q2,27919,0.3406708723292619
2022-08,Q3,19866,0.24240723341427403
2022-08,Q4 (highest),19923,0.24310275401754664
2022-09,Q1 (lowest),15607,0.17444810819873693
2022-09,Q2,29220,0.32660817079304755
2022-09,Q3,21680,0.2423294025596602
2022-09,Q4 (highest),22958,0.2566143184485553
2022-10,Q1 (lowest),13630,0.1560478562024157
2022-10,Q2,28364,0.32473524529165954
2022-10,Q3,21654,0.24791344667697063
2022-10,Q4 (highest),23697,0.27130345182895416
2022-11,Q1 (lowest),11864,0.14142666412359337
2022-11,Q2,25411,0.3029157924852184
2022-11,Q3,23248,0.27713141331298874
2022-11,Q4 (highest),23365,0.2785261300781995
2022-12,Q1 (lowest),10594,0.1339080314482898
2022-12,Q2,24595,0.3108805015547185
2022-12,Q3,21667,0.2738706170842076
2022-12,Q4 (highest),22258,0.2813408499127841
2023-01,Q1 (lowest),13887,0.15281935029492033
2023-01,Q2,31387,0.34539792235231975
2023-01,Q3,23720,0.2610264988115151
2023-01,Q4 (highest),21878,0.24075622854124482
2023-02,Q1 (lowest),14750,0.16828486348960056
2023-02,Q2,29202,0.33316980227954685
2023-02,Q3,22371,0.25523394448310877
2023-02,Q4 (highest),21326,0.24331138974774383
2023-03,Q1 (lowest),17541,0.16058481031199648
2023-03,Q2,36209,0.3314871100043943
2023-03,Q3,27940,0.2557858503002783
2023-03,Q4 (highest),27542,0.2521422293833309
2023-04,Q1 (lowest),14714,0.159313115126842
2023-04,Q2,32858,0.35576392122045497
2023-04,Q3,23033,0.24938554986519992
2023-04,Q4 (highest),21754,0.23553741378750312
2023-05,Q1 (lowest),17744,0.1435053013821605
2023-05,Q2,44042,0.35619141588554515
2023-05,Q3,31805,0.25722419468325153
2023-05,Q4 (highest),30056,0.24307908804904285
2023-06,Q1 (lowest),13897,0.16452773897189402
2023-06,Q2,28137,0.3331162834750077
2023-06,Q3,20912,0.24757890748940403
2023-06,Q4 (highest),21520,0.25477707006369427
2023-07,Q1 (lowest),9622,0.15705285150001633
2023-07,Q2,20773,0.33906244899291615
2023-07,Q3,16788,0.27401821564978945
2023-07,Q4 (highest),14083,0.2298664838572781
2023-08,Q1 (lowest),13243,0.17742735031283913
2023-08,Q2,24418,0.3271480057342676
2023-08,Q3,19100,0.25589839092163613
2023-08,Q4 (highest),17878,0.23952625303125713
2023-09,Q1 (lowest),12128,0.16171960423500548
2023-09,Q2,24445,0.3259594100861402
2023-09,Q3,19925,0.2656879217004027
2023-09,Q4 (highest),18496,0.2466330639784516
2023-10,Q1 (lowest),10508,0.1461067853170189
2023-10,Q2,21193,0.294674638487208
2023-10,Q3,20590,0.2862903225806452
2023-10,Q4 (highest),19629,0.2729282536151279
2023-11,Q1 (lowest),9518,0.14467903993190143
2023-11,Q2,19868,0.30200495538632255
2023-11,Q3,18679,0.283931475823491
2023-11,Q4 (highest),17722,0.26938452885828507
2023-12,Q1 (lowest),8531,0.15387529084973214
2023-12,Q2,15478,0.27917966847639836
2023-12,Q3,16033,0.2891903104200862
2023-12,Q4 (highest),15399,0.2777547302537833
2024-01,Q1 (lowest),12987,0.1837644328729907
2024-01,Q2,22240,0.31469323069956984
2024-01,Q3,19457,0.27531412723568033
2024-01,Q4 (highest),15988,0.22622820919175912
2024-02,Q1 (lowest),13457,0.19462563093877905
2024-02,Q2,21730,0.31427621017311946
2024-02,Q3,17453,0.2524188999609505
2024-02,Q4 (highest),16503,0.23867925892715097
2024-03,Q1 (lowest),12313,0.184475474185719
2024-03,Q2,20371,0.3052018098462829
2024-03,Q3,16994,0.2546070176489977
2024-03,Q4 (highest),17068,0.2557156983190004
2024-04,Q1 (lowest),12397,0.16822265041930143
2024-04,Q2,24024,0.32599668901131706
2024-04,Q3,19156,0.25993975086167126
2024-04,Q4 (highest),18117,0.24584090970771025
2024-05,Q1 (lowest),11489,0.17328285722904285
2024-05,Q2,19626,0.2960091701607795
2024-05,Q3,18008,0.2716056830864831
2024-05,Q4 (highest),17179,0.25910228952369463
2024-06,Q1 (lowest),8776,0.16507411030020314
2024-06,Q2,15620,0.293807839891656
2024-06,Q3,14582,0.27428334963509143
2024-06,Q4 (highest),14186,0.26683470017304944
2024-07,Q1 (lowest),6503,0.16817958465875293
2024-07,Q2,11521,0.2979543279799312
2024-07,Q3,10485,0.27116145550469395
2024-07,Q4 (highest),10158,0.2627046318566219
2024-08,Q1 (lowest),9072,0.1796151104775481
2024-08,Q2,15102,0.29900213827512473
2024-08,Q3,13921,0.2756197038092975
2024-08,Q4 (highest),12413,0.24576304743802962
2024-09,Q1 (lowest),9291,0.17347548452145337
2024-09,Q2,15414,0.28780014190223685
2024-09,Q3,14241,0.2658986519287501
2024-09,Q4 (highest),14612,0.27282572164755964
2024-10,Q1 (lowest),8796,0.15768527481983435
2024-10,Q2,15816,0.2835323222544907
2024-10,Q3,15972,0.28632892330859416
2024-10,Q4 (highest),15198,0.2724534796170808
2024-11,Q1 (lowest),7687,0.16212853014995887
2024-11,Q2,14457,0.30491637314660536
2024-11,Q3,11752,0.24786450973361737
2024-11,Q4 (highest),13517,0.2850905869698184
2024-12,Q1 (lowest),6587,0.16126031287487452
2024-12,Q2,11785,0.2885156804661297
2024-12,Q3,9938,0.2432981614316841
2024-12,Q4 (highest),12537,0.3069258452273117
2025-01,Q1 (lowest),10006,0.18775096633767405
2025-01,Q2,17927,0.33637932975569484
2025-01,Q3,12344,0.23162082035501183
2025-01,Q4 (highest),13017,0.2442488835516193
2025-02,Q1 (lowest),9886,0.186556461352657
2025-02,Q2,17435,0.3290119263285024
2025-02,Q3,12365,0.23333710748792272
2025-02,Q4 (highest),13306,0.2510945048309179
2025-03,Q1 (lowest),10632,0.18604000069992477
2025-03,Q2,18970,0.33193931652347375
2025-03,Q3,12908,0.22586571943516073
2025-03,Q4 (highest),14639,0.2561549633414408
2025-04,Q1 (lowest),10140,0.18347959829910432
2025-04,Q2,17299,0.3130190898398625
2025-04,Q3,12446,0.2252058264724509
2025-04,Q4 (highest),15380,0.2782954853885823
2025-05,Q1 (lowest),8829,0.17585547544118232
2025-05,Q2,15643,0.31157630562084215
2025-05,Q3,11647,0.23198422499302873
2025-05,Q4 (highest),14087,0.2805839939449468
2025-06,Q1 (lowest),6187,0.16126257623937862
2025-06,Q2,11717,0.3054006151279779
2025-06,Q3,9221,0.2403430120419121
2025-06,Q4 (highest),11241,0.2929937965907314
2025-07,Q1 (lowest),5252,0.18081663568133305
2025-07,Q2,9853,0.33922054671899743
2025-07,Q3,6392,0.22006472491909385
2025-07,Q4 (highest),7549,0.2598980926805756
2025-08,Q1 (lowest),7723,0.1954249854500367
2025-08,Q2,13723,0.34725068954173943
2025-08,Q3,8636,0.2185277967559908
2025-08,Q4 (highest),9437,0.2387965282522331
2025-09,Q1 (lowest),8528,0.1796351687239331
2025-09,Q2,15793,0.33266630155453514
2025-09,Q3,10700,0.2253865273623457
2025-09,Q4 (highest),12453,0.26231200235918606
2025-10,Q1 (lowest),7913,0.16512593643705265
2025-10,Q2,15547,0.32442979069718914
2025-10,Q3,10797,0.2253083199432399
2025-10,Q4 (highest),13664,0.2851359529225183
2025-11,Q1 (lowest),6955,0.16524507591057047
2025-11,Q2,13868,0.3294922663878923
2025-11,Q3,9789,0.23257858347786833
2025-11,Q4 (highest),11477,0.2726840742236689
2025-12,Q1 (lowest),6444,0.1582009672746913
2025-12,Q2,12823,0.31480617680995754
2025-12,Q3,9313,0.22863525888100558
2025-12,Q4 (highest),12153,0.2983575970343456
