ssyk4,year_month,n_ads
2131,2026-03,46
2221,2026-03,2765
1310,2026-03,52
2330,2026-03,595
5330,2026-03,232
3114,2026-03,594
2413,2026-03,53
2622,2026-03,162
2423,2026-03,391
4119,2026-03,538
3322,2026-03,1673
5242,2026-03,429
4323,2026-03,148
8332,2026-03,841
7131,2026-03,59
4222,2026-03,616
2412,2026-03,273
7233,2026-03,325
2228,2026-03,125
2516,2026-03,149
2224,2026-03,216
2235,2026-03,76
2239,2026-03,37
2232,2026-03,78
2223,2026-03,105
2231,2026-03,172
5321,2026-03,1151
2512,2026-03,1415
5223,2026-03,1162
3113,2026-03,426
4225,2026-03,236
5413,2026-03,117
2313,2026-03,161
5323,2026-03,406
3324,2026-03,91
5224,2026-03,14
9412,2026-03,785
2663,2026-03,90
7223,2026-03,521
3121,2026-03,121
5222,2026-03,773
3511,2026-03,260
1120,2026-03,102
5221,2026-03,95
2422,2026-03,611
2351,2026-03,437
1590,2026-03,91
5343,2026-03,2234
3359,2026-03,178
3431,2026-03,28
2341,2026-03,2133
2320,2026-03,267
4117,2026-03,146
2273,2026-03,311
4111,2026-03,226
3449,2026-03,104
5342,2026-03,617
2359,2026-03,140
2141,2026-03,143
3411,2026-03,529
2342,2026-03,433
0310,2026-03,63
3333,2026-03,335
7212,2026-02,217
1410,2026-03,232
5242,2026-02,594
5226,2026-03,33
8344,2026-03,302
7212,2026-03,254
2421,2026-03,436
3354,2026-03,192
2432,2026-03,199
7231,2026-03,718
5144,2026-03,21
7612,2026-03,55
2614,2026-03,54
5131,2026-03,414
2211,2026-03,651
5120,2026-03,678
2226,2026-03,132
8211,2026-03,69
3512,2026-03,201
1320,2026-03,73
1230,2026-03,262
4114,2026-03,89
4113,2026-03,71
5312,2026-03,215
5419,2026-03,50
2661,2026-03,670
5152,2026-03,378
1510,2026-03,230
2343,2026-03,276
7111,2026-03,261
7413,2026-03,52
2662,2026-03,175
8214,2026-03,46
7112,2026-03,49
9119,2026-03,337
2222,2026-03,153
4322,2026-03,948
8131,2026-03,32
2134,2026-03,24
2182,2026-03,51
2511,2026-03,356
2352,2026-03,68
1250,2026-03,173
3323,2026-01,296
3514,2026-03,90
3451,2026-03,85
2143,2026-03,300
2233,2026-03,80
2519,2026-03,121
8321,2026-01,190
2219,2026-03,261
7411,2026-03,221
2514,2026-03,208
2415,2026-03,9
5141,2026-03,82
3313,2026-03,309
5330,2026-02,254
3513,2026-03,156
3335,2026-03,100
7420,2026-03,152
1730,2026-03,164
3433,2026-03,26
2314,2026-03,199
1730,2026-02,138
7231,2026-02,657
2241,2026-03,254
2282,2026-03,40
7223,2026-01,420
2145,2026-03,41
1290,2026-03,116
7132,2026-03,82
1360,2026-03,122
3112,2026-03,485
4112,2026-03,244
3339,2026-03,261
7113,2026-03,164
8344,2026-02,342
2272,2026-03,270
1530,2026-03,98
5343,2026-02,2171
1740,2026-03,20
3323,2026-03,342
9111,2026-03,878
2142,2026-03,154
2225,2026-03,124
7114,2026-03,228
2312,2026-03,94
3439,2026-03,14
2615,2026-03,67
8212,2026-03,207
3441,2026-03,40
2319,2026-03,59
3314,2026-03,42
3115,2026-03,75
3111,2026-03,95
7121,2026-03,39
7311,2026-03,46
2183,2026-03,98
2260,2026-03,123
8191,2026-03,91
1370,2026-03,149
3321,2026-02,35
2122,2026-03,36
2113,2026-03,55
4224,2026-03,198
2146,2026-03,26
3423,2026-03,123
2135,2026-03,25
3411,2026-01,419
2144,2026-03,321
5321,2026-01,1165
5412,2026-03,56
3355,2026-03,64
8163,2026-03,20
8350,2026-03,8
4410,2026-03,28
3213,2026-01,105
3331,2026-03,48
2284,2026-03,53
9332,2026-03,69
9310,2026-03,90
3250,2026-03,106
6112,2026-03,72
2281,2026-03,96
2227,2026-03,110
5241,2026-03,292
2419,2026-03,35
3352,2026-03,19
3422,2026-03,128
1520,2026-03,131
5132,2026-03,99
9412,2026-01,663
2212,2026-02,116
7125,2026-03,158
2221,2026-02,3291
8329,2026-03,170
2431,2026-03,209
8162,2026-03,31
8151,2026-03,22
6113,2026-03,196
5349,2026-03,11
7412,2026-03,148
1340,2026-03,12
2211,2026-01,436
1330,2026-03,34
3521,2026-03,22
4420,2026-03,127
7322,2026-03,16
6210,2026-03,53
0110,2026-03,44
8193,2026-03,22
1210,2026-03,104
5414,2026-03,16
5342,2026-01,460
5330,2026-01,226
9622,2026-03,58
5311,2026-02,249
8114,2026-03,25
5151,2026-03,44
9411,2026-03,127
7134,2026-03,70
5223,2026-02,1068
8213,2026-03,441
1720,2026-03,127
7215,2026-03,12
5311,2026-03,200
5350,2026-03,179
1710,2026-03,10
5225,2026-03,72
2411,2026-03,36
9610,2026-03,114
2149,2026-03,104
3212,2026-03,63
1250,2026-02,216
2311,2026-03,4
2652,2026-03,18
2234,2026-03,10
1420,2026-03,16
5113,2026-03,28
3343,2026-03,21
5411,2026-03,30
7116,2026-03,16
2515,2026-03,192
7611,2026-03,13
8181,2026-03,11
3312,2026-03,43
9621,2026-03,34
3422,2026-02,137
5342,2026-02,630
2111,2026-03,34
2272,2026-02,286
9120,2026-03,120
8342,2026-03,141
4211,2026-03,44
8129,2026-03,53
5152,2026-02,473
6121,2026-03,43
7222,2026-03,20
3449,2026-01,126
8192,2026-03,27
2623,2026-03,23
8341,2026-03,20
2314,2026-02,185
1350,2026-03,35
2228,2026-02,133
8331,2026-03,68
1290,2026-02,171
8141,2026-03,7
9520,2026-03,30
8343,2026-03,7
3515,2026-03,17
5227,2026-03,35
7214,2026-03,60
2121,2026-03,9
3332,2026-03,9
6122,2026-03,15
3116,2026-03,52
4115,2026-03,46
1240,2026-03,18
8132,2026-03,7
2242,2026-03,11
7119,2026-03,29
9413,2026-03,44
3424,2026-03,20
3321,2026-03,30
3323,2026-02,351
2612,2026-03,18
2421,2026-02,425
2622,2026-02,151
5120,2026-02,660
1113,2026-03,20
2642,2026-03,31
2172,2026-03,20
5230,2026-03,46
2212,2026-03,108
3432,2026-03,22
3322,2026-02,1669
3113,2026-02,456
7233,2026-02,349
1120,2026-02,81
2224,2026-01,130
2271,2026-03,14
4321,2026-03,36
5341,2026-03,26
8161,2026-03,17
3119,2026-03,76
3213,2026-03,115
3111,2026-02,99
4212,2026-03,8
8173,2026-03,24
5113,2026-02,54
7522,2026-03,17
9411,2026-02,111
7523,2026-03,22
2619,2026-03,42
2181,2026-03,38
2611,2026-03,7
5149,2026-03,43
2250,2026-03,44
6129,2026-03,18
5341,2026-04,29
3214,2026-04,10
8321,2026-03,156
3113,2026-01,279
5131,2026-02,422
8191,2026-01,72
8111,2026-03,10
7213,2026-03,16
2654,2026-03,20
5143,2026-03,37
3511,2026-02,189
2228,2026-04,116
2272,2026-04,200
5330,2026-04,159
5321,2026-04,851
2221,2026-04,2111
2241,2026-04,212
2342,2026-04,411
2351,2026-04,353
2224,2026-04,145
2311,2026-04,11
4117,2026-04,116
2273,2026-04,221
5120,2026-04,579
8191,2026-04,39
2260,2026-04,83
1510,2026-04,179
2212,2026-04,84
2211,2026-04,411
5149,2026-02,41
5312,2026-04,231
2314,2026-04,179
0210,2026-04,12
2421,2026-04,341
2512,2026-04,1003
5342,2026-04,389
4322,2026-04,702
5230,2026-04,50
2352,2026-04,81
8329,2026-04,126
5152,2026-04,270
2511,2026-04,337
9120,2026-04,98
2219,2026-04,173
3423,2026-04,69
2661,2026-04,543
2341,2026-04,1787
8332,2026-04,823
1590,2026-04,109
1530,2026-04,86
2516,2026-04,96
2235,2026-04,56
5223,2026-04,844
5411,2026-04,25
1520,2026-04,122
2283,2026-04,26
5222,2026-04,524
2623,2026-04,26
2134,2026-04,27
2615,2026-04,66
2330,2026-04,562
3313,2026-04,228
4111,2026-04,155
2613,2026-04,6
2422,2026-04,540
1230,2026-04,236
9412,2026-04,573
2412,2026-04,217
2515,2026-04,169
5141,2026-04,55
6130,2026-04,3
9111,2026-02,853
5141,2026-02,67
3342,2026-03,15
2281,2026-02,137
9412,2026-02,762
8121,2026-03,17
1530,2026-02,112
3213,2026-02,152
9629,2026-03,33
3122,2026-03,34
2133,2026-03,34
2235,2026-02,78
5222,2026-02,757
3353,2026-03,29
3360,2026-03,13
4225,2026-02,223
4221,2026-03,30
8142,2026-03,54
4226,2026-03,19
8321,2026-02,243
3214,2026-03,14
4116,2026-03,29
2672,2026-03,13
7132,2026-02,60
0210,2026-03,43
2281,2026-01,123
2173,2026-03,23
2163,2026-03,23
1380,2026-03,4
2431,2026-02,262
1112,2026-03,23
2643,2026-03,22
1220,2026-03,30
8199,2026-03,10
8172,2026-01,8
3215,2026-03,56
2283,2026-03,42
2132,2026-03,23
3117,2026-03,37
6111,2026-03,9
3324,2026-02,66
1350,2026-02,37
4115,2026-02,32
7319,2026-03,7
2669,2026-03,16
2143,2026-02,376
7223,2026-02,551
7114,2026-02,245
3411,2026-02,569
9320,2026-03,21
8169,2026-03,13
3449,2026-02,113
7521,2026-03,7
2351,2026-02,303
7321,2026-03,9
8189,2026-03,6
8171,2026-03,4
3313,2026-02,334
5323,2026-02,480
1320,2026-01,61
3522,2026-03,16
2173,2026-02,19
2671,2026-03,19
8212,2026-02,196
5242,2026-01,506
2423,2026-02,428
8172,2026-03,8
2513,2026-03,23
3211,2026-03,13
7213,2026-01,17
7121,2026-01,25
3121,2026-01,81
7134,2026-02,99
3322,2026-01,1488
5169,2026-03,11
5161,2026-03,9
4322,2026-02,818
2213,2026-03,10
1210,2026-02,122
2227,2026-02,90
5343,2026-01,1956
4223,2026-03,18
2219,2026-02,299
7126,2026-03,41
8159,2026-03,4
3154,2026-03,9
8332,2026-02,616
9210,2026-03,18
3341,2026-03,22
9331,2026-03,3
7111,2026-01,175
8143,2026-03,7
7413,2026-02,39
8142,2026-01,35
2341,2026-02,1243
5321,2026-02,1197
1520,2026-02,143
2179,2026-03,25
2164,2026-03,18
2621,2026-03,16
3339,2026-02,304
5223,2026-01,798
0210,2026-01,24
7123,2026-03,6
7613,2026-03,4
7111,2026-02,241
2221,2026-01,2125
3452,2026-03,16
7221,2026-03,7
7112,2026-02,48
2330,2026-01,193
2512,2026-01,1130
8213,2026-01,464
5120,2026-01,608
6130,2026-03,4
3111,2026-01,67
8332,2026-01,427
9622,2026-02,67
7214,2026-02,53
8311,2026-03,9
3114,2026-01,516
3115,2026-01,58
1610,2026-03,4
3155,2026-03,14
2135,2026-02,24
2320,2026-01,98
4222,2026-02,569
2342,2026-01,148
7532,2026-02,3
2114,2026-03,11
3153,2026-03,1
8213,2026-02,611
9120,2026-02,85
8212,2026-01,173
6221,2026-02,5
2514,2026-01,134
2112,2026-03,1
9610,2026-02,93
9610,2026-01,82
2341,2026-01,668
3240,2026-03,16
3512,2026-02,235
7531,2026-03,9
5142,2026-03,16
1360,2026-01,103
7532,2026-03,1
3311,2026-03,5
2142,2026-01,122
7213,2026-02,14
8116,2026-03,3
1320,2026-02,73
2241,2026-02,296
5326,2026-03,17
2359,2026-02,61
7224,2026-03,14
1370,2026-02,139
2233,2026-02,73
8191,2026-02,82
2511,2026-01,257
1230,2026-01,146
2655,2026-03,4
2511,2026-02,378
2144,2026-02,311
2512,2026-02,1472
2272,2026-01,246
3351,2026-03,2
3151,2026-03,9
2516,2026-01,131
3215,2026-02,74
8151,2026-02,23
2651,2026-03,4
2211,2026-02,602
4113,2026-02,65
9111,2026-01,655
0110,2026-02,59
7124,2026-03,64
2613,2026-03,13
2342,2026-02,255
2222,2026-02,143
3152,2026-03,14
5143,2026-02,31
7321,2026-02,14
7231,2026-01,574
2641,2026-03,3
7122,2026-03,21
1540,2026-03,3
8113,2026-02,15
7411,2026-02,255
7411,2026-01,234
1790,2026-03,7
7134,2026-01,63
2661,2026-02,722
7125,2026-02,174
5413,2026-02,132
7215,2026-02,11
6113,2026-02,266
2171,2026-03,5
2320,2026-02,150
2239,2026-02,30
8129,2026-02,60
4322,2026-01,607
9310,2026-02,98
3121,2026-02,136
3334,2026-03,8
3511,2026-01,189
7211,2026-03,5
5325,2026-03,3
3333,2026-01,350
8193,2026-02,12
6112,2026-02,148
8219,2026-03,4
9119,2026-02,377
7131,2026-02,53
3230,2026-03,3
3152,2026-02,12
7612,2026-02,64
5241,2026-02,312
2132,2026-02,24
4420,2026-02,78
3451,2026-02,97
5221,2026-02,107
4117,2026-02,159
1360,2026-02,122
9210,2026-02,28
2273,2026-01,237
2515,2026-02,181
1510,2026-01,182
5142,2026-01,17
3514,2026-02,79
7412,2026-02,131
3112,2026-01,417
2422,2026-02,709
2663,2026-02,121
3112,2026-02,493
3313,2026-01,236
9411,2026-01,112
5131,2026-01,356
2653,2026-03,3
9120,2026-01,74
4119,2026-01,376
2412,2026-01,207
2182,2026-01,36
2181,2026-01,26
1230,2026-02,246
3451,2026-01,104
4222,2026-01,445
8174,2026-03,11
3114,2026-02,651
5132,2026-01,94
7534,2026-03,2
7420,2026-02,189
5144,2026-02,12
5142,2026-02,26
2421,2026-01,320
3212,2026-02,88
2161,2026-03,10
5419,2026-02,75
5112,2026-03,4
8115,2026-03,2
8114,2026-02,32
8189,2026-02,4
2142,2026-02,170
8331,2026-02,71
2162,2026-03,3
2143,2026-01,243
2250,2026-01,39
9621,2026-02,76
2227,2026-01,64
7611,2026-01,15
2183,2026-02,114
3359,2026-02,177
2224,2026-02,218
5312,2026-02,198
7232,2026-03,2
3335,2026-02,81
3512,2026-01,171
2515,2026-01,135
3439,2026-02,13
2284,2026-02,74
3423,2026-01,85
5419,2026-01,45
3250,2026-01,71
2273,2026-02,314
9332,2026-02,54
5241,2026-01,254
7312,2026-03,2
2141,2026-02,174
1720,2026-02,105
2112,2026-02,11
8329,2026-02,140
7119,2026-02,24
4226,2026-01,16
5152,2026-01,363
8211,2026-02,64
3354,2026-02,230
2516,2026-02,117
2231,2026-02,132
3412,2026-03,1
2223,2026-02,109
7323,2026-03,2
8192,2026-02,37
2146,2026-02,24
5151,2026-02,65
3333,2026-02,335
7311,2026-02,35
8342,2026-02,86
6121,2026-02,25
4226,2026-02,41
2134,2026-02,26
0210,2026-02,34
5230,2026-01,48
3513,2026-01,113
8329,2026-01,154
2330,2026-02,274
2271,2026-01,12
3355,2026-02,83
4323,2026-02,145
8114,2026-01,20
2432,2026-02,179
5323,2026-01,366
5350,2026-02,162
3250,2026-02,103
1490,2026-03,1
7420,2026-01,151
4224,2026-02,188
8312,2026-03,4
1510,2026-02,255
2149,2026-01,79
4224,2026-01,212
2131,2026-02,92
6210,2026-02,39
3122,2026-02,52
3116,2026-02,38
2352,2026-02,69
2313,2026-01,95
4112,2026-02,252
2312,2026-01,39
1380,2026-02,6
2412,2026-02,290
6113,2026-01,248
5341,2026-02,32
7533,2026-03,4
5132,2026-02,106
0310,2026-02,67
4119,2026-02,534
2519,2026-02,103
4223,2026-02,21
1720,2026-01,84
2661,2026-01,562
1113,2026-02,32
7113,2026-02,131
5341,2026-01,43
4112,2026-01,186
2619,2026-02,48
7124,2026-02,10
2282,2026-02,34
1410,2026-02,165
1590,2026-02,127
1111,2026-03,2
1111,2026-02,2
2413,2026-01,38
8122,2026-03,1
2232,2026-02,63
3240,2026-02,48
3119,2026-02,55
3117,2026-02,53
2164,2026-02,17
5227,2026-02,28
5412,2026-02,67
7224,2026-02,12
5414,2026-02,21
3423,2026-02,117
2225,2026-02,102
2226,2026-02,109
3211,2026-02,15
8214,2026-02,42
7125,2026-01,131
2141,2026-01,155
4221,2026-02,42
1112,2026-02,12
4117,2026-01,156
2423,2026-01,322
2250,2026-02,75
2284,2026-01,97
5141,2026-01,60
2314,2026-01,157
3152,2026-01,20
8331,2026-01,45
5222,2026-01,735
2653,2026-02,4
8181,2026-02,8
9413,2026-02,38
8163,2026-02,25
7133,2026-03,3
7523,2026-02,29
2615,2026-02,68
2231,2026-01,117
2413,2026-02,44
1240,2026-02,10
7611,2026-02,21
2671,2026-02,14
2411,2026-02,27
3314,2026-02,47
2133,2026-02,29
3441,2026-02,36
1240,2026-01,12
2233,2026-01,58
5349,2026-02,22
3513,2026-02,124
2312,2026-02,75
8142,2026-02,44
7114,2026-01,103
4321,2026-02,74
7533,2026-02,4
2234,2026-02,12
4116,2026-02,15
3432,2026-02,19
3342,2026-02,32
2260,2026-01,115
2319,2026-02,47
2182,2026-02,64
3353,2026-02,21
5143,2026-01,31
7115,2026-02,3
5161,2026-02,16
1330,2026-02,42
2111,2026-01,24
3360,2026-02,24
3211,2026-01,9
7233,2026-01,233
7121,2026-02,16
3212,2026-01,78
3433,2026-02,26
3343,2026-02,29
8344,2026-01,231
8173,2026-01,11
2113,2026-02,48
2662,2026-02,189
1220,2026-02,53
1790,2026-02,10
9320,2026-02,21
6221,2026-03,1
2669,2026-02,11
2181,2026-02,38
3312,2026-02,63
4111,2026-02,242
3515,2026-02,11
4114,2026-02,51
3331,2026-02,47
5149,2026-01,37
7531,2026-02,8
8162,2026-02,26
2271,2026-02,10
2283,2026-02,55
6130,2026-02,7
2642,2026-02,20
1710,2026-02,11
7522,2026-02,36
7222,2026-02,9
5230,2026-02,61
7132,2026-01,69
2144,2026-01,236
7413,2026-01,24
7126,2026-02,41
7534,2026-02,3
6111,2026-02,7
2611,2026-02,5
9629,2026-02,42
2643,2026-02,43
2514,2026-02,157
1340,2026-02,12
2343,2026-02,199
2242,2026-02,11
7221,2026-02,5
7412,2026-01,109
7214,2026-01,44
2313,2026-02,142
5225,2026-02,56
7212,2026-01,194
8121,2026-02,17
2149,2026-02,96
1310,2026-02,47
7116,2026-02,16
2111,2026-02,28
1250,2026-01,159
3115,2026-02,61
3522,2026-02,21
8199,2026-02,11
9331,2026-02,14
2114,2026-02,19
2161,2026-02,5
3521,2026-02,16
7113,2026-01,115
8341,2026-02,16
3151,2026-02,10
3154,2026-02,6
1740,2026-02,25
7123,2026-02,7
3352,2026-02,34
2260,2026-02,104
2351,2026-01,174
7521,2026-02,5
5411,2026-02,25
2614,2026-01,31
3214,2026-02,5
4410,2026-02,36
5413,2026-01,267
2621,2026-02,14
2623,2026-02,42
7322,2026-02,11
5412,2026-01,100
2213,2026-02,45
3339,2026-01,174
3351,2026-02,7
5113,2026-01,61
5326,2026-02,16
2612,2026-02,42
8312,2026-02,3
2614,2026-02,63
9520,2026-02,16
3424,2026-02,15
7222,2026-01,9
2311,2026-02,9
3155,2026-02,11
1420,2026-02,11
3341,2026-02,34
8159,2026-02,8
2179,2026-02,37
2163,2026-02,13
2419,2026-02,42
4225,2026-01,191
3354,2026-01,163
2415,2026-02,12
3332,2026-02,9
1370,2026-01,109
7613,2026-01,4
4211,2026-02,33
8116,2026-02,6
8343,2026-02,10
8350,2026-01,13
3433,2026-01,38
2162,2026-02,5
4212,2026-02,20
8169,2026-02,24
2651,2026-02,7
7133,2026-02,5
8311,2026-02,4
2655,2026-02,8
7613,2026-02,3
2172,2026-02,14
5226,2026-02,25
8350,2026-02,5
6122,2026-01,8
7122,2026-02,30
8131,2026-02,24
2652,2026-02,16
6129,2026-02,13
2122,2026-02,13
2654,2026-02,17
7312,2026-02,3
2642,2026-01,49
8161,2026-02,14
2611,2026-01,3
0110,2026-01,32
2145,2026-02,29
5311,2026-01,226
6112,2026-01,77
4115,2026-01,35
8141,2026-02,7
1610,2026-02,6
8174,2026-02,5
8173,2026-02,20
7319,2026-02,11
2513,2026-02,11
7323,2026-02,1
7322,2026-01,13
1530,2026-01,69
8122,2026-02,4
2672,2026-02,6
5112,2026-02,5
8143,2026-02,6
3452,2026-02,7
3431,2026-02,18
8172,2026-02,13
8111,2026-02,15
2282,2026-01,38
2641,2026-02,6
2241,2026-01,168
7211,2026-02,5
2171,2026-02,10
9629,2026-01,20
2223,2026-01,56
6122,2026-02,16
2359,2026-01,100
3422,2026-01,164
5350,2026-01,175
7522,2026-01,16
3214,2026-01,12
2131,2026-01,71
3359,2026-01,178
3153,2026-02,5
2219,2026-01,132
1410,2026-01,97
3119,2026-01,59
2228,2026-01,75
1220,2026-01,44
1590,2026-01,79
3342,2026-01,12
3122,2026-01,38
8112,2026-02,2
2431,2026-01,176
2173,2026-01,24
8219,2026-02,10
7119,2026-01,12
5312,2026-01,208
2121,2026-02,3
9119,2026-01,349
8151,2026-01,14
9622,2026-01,48
3439,2026-01,10
3324,2026-01,79
2613,2026-02,10
1520,2026-01,118
2432,2026-01,157
2411,2026-01,19
8169,2026-01,17
8116,2026-01,7
2343,2026-01,222
2615,2026-01,70
2662,2026-01,128
8171,2026-02,5
3311,2026-02,2
7131,2026-01,43
2225,2026-01,94
8199,2026-01,9
1290,2026-01,92
2422,2026-01,427
5169,2026-02,5
1120,2026-01,54
4111,2026-01,184
1340,2026-01,10
7232,2026-02,4
1210,2026-01,69
1730,2026-01,128
2121,2026-01,3
3116,2026-01,24
7126,2026-01,27
3314,2026-01,52
7311,2026-01,22
3335,2026-01,64
2183,2026-01,83
5226,2026-01,16
8129,2026-01,57
5111,2026-02,1
3334,2026-02,2
7112,2026-01,29
1350,2026-01,26
8211,2026-01,77
3452,2026-01,11
8143,2026-01,14
1490,2026-02,1
1330,2026-01,28
4420,2026-01,54
3155,2026-01,14
3355,2026-01,50
8342,2026-01,53
7523,2026-01,18
8121,2026-01,13
3117,2026-01,32
4212,2026-01,6
2134,2026-01,26
4223,2026-01,17
3432,2026-01,16
7612,2026-01,50
3331,2026-01,30
7122,2026-01,10
5151,2026-01,34
2242,2026-01,12
2519,2026-01,87
2352,2026-01,46
4221,2026-01,35
7123,2026-01,10
2619,2026-01,28
5414,2026-01,20
3343,2026-01,28
3360,2026-01,12
2113,2026-01,45
2232,2026-01,60
2419,2026-01,35
2663,2026-01,78
2612,2026-01,26
2289,2026-02,1
5224,2026-02,1
9413,2026-01,34
4114,2026-01,72
2622,2026-01,90
5221,2026-01,75
2414,2026-02,2
8214,2026-01,21
3321,2026-01,33
2132,2026-01,9
1540,2026-02,1
3431,2026-01,10
8193,2026-01,19
5325,2026-02,5
3514,2026-01,70
2235,2026-01,35
2133,2026-01,21
3341,2026-01,31
2122,2026-01,14
7224,2026-01,8
2319,2026-01,18
2311,2026-01,6
2283,2026-01,35
3312,2026-01,29
2672,2026-01,10
2671,2026-01,15
2652,2026-01,15
9310,2026-01,70
3352,2026-01,28
2212,2026-01,75
5411,2026-01,32
7116,2026-01,11
3153,2026-01,5
4113,2026-01,67
4323,2026-01,93
6210,2026-01,22
2222,2026-01,58
8141,2026-01,8
5349,2026-01,23
3522,2026-01,19
9320,2026-01,10
5225,2026-01,43
2234,2026-01,5
2164,2026-01,13
3215,2026-01,40
2162,2026-01,12
3515,2026-01,6
9210,2026-01,17
8159,2026-01,8
8341,2026-01,17
8163,2026-01,16
2226,2026-01,72
8311,2026-01,6
2623,2026-01,25
2163,2026-01,10
3151,2026-01,4
4410,2026-01,18
8174,2026-01,14
9621,2026-01,27
1310,2026-01,35
2655,2026-01,5
2112,2026-01,4
2414,2026-01,5
2621,2026-01,9
1740,2026-01,13
0310,2026-01,17
5144,2026-01,12
2135,2026-01,23
4116,2026-01,21
8131,2026-01,33
5227,2026-01,17
2172,2026-01,18
2239,2026-01,25
5112,2026-01,6
8192,2026-01,15
1610,2026-01,3
2114,2026-01,4
1420,2026-01,6
3441,2026-01,54
7115,2026-01,3
3332,2026-01,5
9332,2026-01,54
1113,2026-01,8
7124,2026-01,12
2179,2026-01,21
2415,2026-01,5
8181,2026-01,6
8161,2026-01,17
7521,2026-01,4
8219,2026-01,12
5326,2026-01,12
2654,2026-01,13
2513,2026-01,15
4321,2026-01,24
8171,2026-01,5
2213,2026-01,22
2171,2026-01,5
3521,2026-01,11
7319,2026-01,8
2146,2026-01,22
2145,2026-01,21
1380,2026-01,3
6121,2026-01,20
7531,2026-01,11
2651,2026-01,6
7533,2026-01,5
6129,2026-01,12
3154,2026-01,5
8111,2026-01,6
2641,2026-01,3
2669,2026-01,10
7221,2026-01,8
8162,2026-01,14
1790,2026-01,5
8312,2026-01,1
4211,2026-01,28
3424,2026-01,12
5161,2026-01,8
2653,2026-01,1
5169,2026-01,13
1490,2026-01,4
2161,2026-01,7
3240,2026-01,16
3353,2026-01,8
7534,2026-01,2
6111,2026-01,14
2643,2026-01,18
3351,2026-01,10
1710,2026-01,7
9331,2026-01,5
8113,2026-01,10
6130,2026-01,6
8112,2026-01,2
7211,2026-01,4
5224,2026-01,2
1540,2026-01,1
9520,2026-01,57
3334,2026-01,3
7323,2026-01,2
2613,2026-01,3
7215,2026-01,9
5325,2026-01,2
8343,2026-01,7
1112,2026-01,4
8122,2026-01,1
7321,2026-01,5
7532,2026-01,3
7133,2026-01,1
8189,2026-01,1
5111,2026-01,1
8115,2026-01,1
3311,2026-01,1
3421,2026-01,2
6221,2026-01,1
7312,2026-01,1
3412,2026-01,1
8321,2026-06,176
2615,2026-06,41
3411,2026-06,351
2221,2026-06,2028
2233,2026-06,98
9111,2026-06,732
2421,2026-06,466
2432,2026-06,194
1410,2026-06,171
2515,2026-06,208
1510,2026-06,183
2422,2026-06,475
5321,2026-06,805
1290,2026-06,115
5343,2026-06,2069
3359,2026-06,213
7231,2026-06,673
2341,2026-06,2208
7223,2026-06,528
3112,2026-06,505
7111,2026-06,278
3323,2026-06,336
2621,2026-06,14
3449,2026-06,102
2342,2026-06,386
6113,2026-06,84
3431,2026-06,16
2330,2026-06,529
4116,2026-06,25
2359,2026-06,213
1520,2026-06,114
9412,2026-06,616
5131,2026-06,288
7111,2026-05,303
7233,2026-06,312
3313,2026-06,244
4222,2026-06,410
8212,2026-06,248
2411,2026-06,26
3111,2026-06,153
9622,2026-06,40
7212,2026-06,209
5350,2026-06,211
8332,2026-06,993
4322,2026-06,737
3114,2026-06,725
8173,2026-06,24
7412,2026-06,119
3433,2026-06,32
2661,2026-06,609
1250,2026-06,198
7114,2026-06,229
3152,2026-06,13
2141,2026-06,155
5120,2026-06,582
3511,2026-06,169
2319,2026-06,62
2281,2026-06,57
8344,2026-06,306
5312,2026-06,447
7126,2026-06,39
4222,2026-05,445
3339,2026-06,195
5342,2026-06,379
5223,2026-06,578
3513,2026-06,95
1790,2026-06,13
3113,2026-06,446
7231,2026-04,585
9331,2026-06,4
3339,2026-04,263
5311,2026-06,248
1230,2026-06,311
3116,2026-06,55
2211,2026-06,411
4225,2026-05,190
8213,2026-06,279
2431,2026-06,269
5132,2026-06,100
5222,2026-06,447
2512,2026-06,1324
9310,2026-06,88
8213,2026-05,197
9332,2026-06,54
2179,2026-06,23
2314,2026-06,230
8342,2026-06,151
2212,2026-06,83
3331,2026-06,78
5141,2026-06,64
2351,2026-06,454
2143,2026-06,313
9120,2026-06,111
2313,2026-06,165
9621,2026-06,27
2343,2026-06,262
7411,2026-06,230
5152,2026-06,271
3122,2026-06,36
4119,2026-06,403
3322,2026-06,1512
8211,2026-06,96
7121,2026-06,33
3121,2026-06,111
2142,2026-06,141
3333,2026-06,309
2272,2026-06,234
2224,2026-06,186
5323,2026-06,266
7420,2026-06,153
2511,2026-06,321
2423,2026-06,395
1360,2026-06,134
5143,2026-06,31
4112,2026-06,236
2514,2026-06,161
7134,2026-06,51
3355,2026-06,55
7231,2026-05,611
1120,2026-06,62
8329,2026-06,187
1790,2026-05,4
2182,2026-06,52
0210,2026-06,39
4225,2026-06,178
1111,2026-06,5
3422,2026-06,193
1740,2026-06,13
2320,2026-06,186
4111,2026-06,180
2622,2026-06,74
7413,2026-06,63
3341,2026-06,37
2422,2026-05,494
1210,2026-06,141
3522,2026-06,20
7112,2026-06,58
4224,2026-06,157
7125,2026-06,193
3441,2026-06,30
2662,2026-06,210
2234,2026-06,13
7214,2026-06,69
1730,2026-06,160
7531,2026-06,9
2519,2026-06,144
1113,2026-06,23
9119,2026-06,334
2144,2026-06,321
9629,2026-06,31
3212,2026-06,86
8331,2026-06,49
3115,2026-06,64
3423,2026-06,65
1350,2026-06,27
2663,2026-06,66
2183,2026-06,96
2516,2026-06,123
4114,2026-06,66
2225,2026-06,135
2273,2026-06,228
2283,2026-06,34
4113,2026-06,47
5414,2026-06,12
2513,2026-06,12
3335,2026-05,80
3250,2026-06,93
5149,2026-06,26
7131,2026-06,66
3354,2026-06,149
5142,2026-06,23
8131,2026-06,30
5419,2026-06,48
5330,2026-06,141
7113,2026-05,132
5221,2026-06,99
2282,2026-06,40
7224,2026-06,18
2412,2026-06,254
2221,2026-05,2396
2145,2026-06,42
2219,2026-06,210
8132,2026-05,10
2113,2026-06,36
1310,2026-06,53
2312,2026-06,115
2241,2026-06,269
5242,2026-06,420
1720,2026-06,112
2227,2026-06,48
8191,2026-06,46
2669,2026-06,14
4117,2026-06,149
3312,2026-06,48
0310,2026-06,40
3119,2026-06,57
2149,2026-06,84
2619,2026-06,33
7311,2026-06,28
3332,2026-06,13
4323,2026-06,137
8199,2026-06,9
2341,2026-05,2411
2352,2026-06,85
5413,2026-06,92
2132,2026-06,18
9411,2026-06,130
3215,2026-06,47
4111,2026-05,227
8132,2026-06,12
2181,2026-06,37
8121,2026-06,22
3512,2026-06,143
9320,2026-06,18
2146,2026-06,24
8129,2026-06,36
3113,2026-05,432
7119,2026-06,32
2224,2026-05,212
7113,2026-06,106
1112,2026-06,25
2273,2026-05,270
2311,2026-06,23
2272,2026-05,245
2614,2026-06,52
2134,2026-06,28
2163,2026-06,14
0110,2026-06,38
2284,2026-06,68
5343,2026-05,2154
2222,2026-06,132
6129,2026-06,11
3343,2026-06,28
2111,2026-06,30
1330,2026-06,63
1320,2026-06,106
4420,2026-06,54
3334,2026-06,2
2419,2026-06,46
3114,2026-05,544
2232,2026-06,75
3155,2026-06,5
2260,2026-06,122
7523,2026-06,33
1370,2026-06,131
8114,2026-06,32
9210,2026-06,10
1590,2026-06,63
7125,2026-05,145
2512,2026-05,1150
1250,2026-05,146
3342,2026-06,13
3321,2026-06,26
8214,2026-06,46
8122,2026-06,2
2173,2026-06,16
5341,2026-06,23
3323,2026-05,266
8212,2026-04,156
2669,2026-05,17
5225,2026-06,30
8311,2026-06,3
4115,2026-06,25
2654,2026-06,17
5151,2026-06,45
2164,2026-06,14
1730,2026-05,118
7222,2026-06,14
6130,2026-05,14
7132,2026-06,89
2642,2026-06,41
3514,2026-06,77
1220,2026-06,31
3153,2026-06,2
5343,2026-04,1894
8192,2026-06,29
8321,2026-05,184
2226,2026-06,144
2213,2026-06,4
3324,2026-06,85
2131,2026-06,60
4221,2026-06,18
2211,2026-05,368
2239,2026-06,43
7612,2026-06,44
3322,2026-05,1380
1420,2026-06,15
4226,2026-06,27
2114,2026-06,13
8159,2026-06,11
1290,2026-05,118
9520,2026-06,16
4410,2026-06,11
8142,2026-06,50
1530,2026-06,77
7122,2026-06,14
5241,2026-06,275
2231,2026-04,116
2231,2026-05,100
5349,2026-06,15
5113,2026-06,14
3335,2026-06,81
5330,2026-05,176
2250,2026-06,41
5226,2026-06,14
2413,2026-06,50
8151,2026-06,28
7224,2026-05,9
7125,2026-04,119
5411,2026-06,26
7132,2026-04,62
3352,2026-06,9
5321,2026-05,963
2653,2026-06,5
2623,2026-06,25
3432,2026-06,18
5230,2026-06,34
9610,2026-06,62
8169,2026-06,17
1340,2026-06,9
2112,2026-06,2
4321,2026-06,50
7522,2026-06,26
8341,2026-06,8
5222,2026-05,552
7533,2026-06,2
2231,2026-06,123
2314,2026-05,172
4211,2026-06,40
3214,2026-06,11
3314,2026-06,17
3213,2026-06,60
8193,2026-06,28
3360,2026-06,6
2330,2026-05,692
3451,2026-06,58
3521,2026-06,38
2652,2026-06,24
2431,2026-05,231
2223,2026-06,102
1290,2026-04,105
2133,2026-06,45
1240,2026-06,23
7521,2026-06,5
2320,2026-05,251
3121,2026-05,125
9111,2026-05,942
3240,2026-06,12
6210,2026-06,17
1540,2026-06,5
5242,2026-05,375
2671,2026-06,22
2242,2026-06,17
6121,2026-06,29
8181,2026-06,12
7411,2026-05,167
7223,2026-05,495
2359,2026-05,238
8344,2026-05,287
3313,2026-05,228
2655,2026-06,1
9412,2026-05,656
5223,2026-05,684
2235,2026-06,73
3439,2026-06,16
7223,2026-04,465
8174,2026-06,5
9119,2026-05,310
2282,2026-05,35
2144,2026-05,273
1360,2026-04,109
9119,2026-04,271
2161,2026-06,17
7319,2026-06,10
8162,2026-06,23
7124,2026-06,9
9413,2026-06,31
2519,2026-05,144
4223,2026-06,6
5132,2026-05,118
3211,2026-06,11
4212,2026-06,11
3452,2026-06,11
5227,2026-06,12
3213,2026-05,64
3117,2026-06,25
7322,2026-06,12
5161,2026-06,4
1210,2026-04,88
7112,2026-04,35
2622,2026-05,143
3322,2026-04,1346
2281,2026-04,47
5412,2026-06,9
2241,2026-05,220
3114,2026-04,493
3122,2026-05,41
7222,2026-05,15
7122,2026-05,18
8129,2026-05,47
8121,2026-04,22
8141,2026-05,20
3424,2026-06,7
7215,2026-06,9
7412,2026-04,109
2234,2026-05,10
8344,2026-04,267
7222,2026-04,13
7212,2026-05,218
7233,2026-05,256
7212,2026-04,167
8332,2026-05,1058
7214,2026-04,48
8163,2026-06,17
8141,2026-06,11
1610,2026-06,6
2172,2026-06,17
3333,2026-05,273
8343,2026-06,13
4211,2026-05,30
6122,2026-06,9
2122,2026-06,6
2415,2026-06,5
8342,2026-05,139
4113,2026-05,32
2135,2026-06,16
2612,2026-06,10
3513,2026-04,81
3514,2026-04,72
3511,2026-04,166
3512,2026-04,161
2423,2026-04,360
3111,2026-05,132
7611,2026-06,16
3441,2026-05,53
2611,2026-06,2
2260,2026-05,118
2514,2026-05,162
2643,2026-06,11
8114,2026-05,41
6111,2026-05,6
8321,2026-04,125
9610,2026-05,60
2281,2026-05,89
3112,2026-05,474
1710,2026-06,6
6112,2026-06,30
5152,2026-05,283
7211,2026-06,9
3512,2026-05,184
2423,2026-05,414
8219,2026-05,23
2228,2026-05,143
3117,2026-05,28
7115,2026-06,2
8211,2026-05,66
7322,2026-05,17
3151,2026-06,2
2219,2026-05,145
2228,2026-06,119
8172,2026-06,2
3514,2026-05,68
8189,2026-06,6
2223,2026-04,70
7312,2026-06,3
2672,2026-06,4
7123,2026-06,7
4322,2026-05,777
1250,2026-04,147
6130,2026-06,7
7413,2026-05,59
3354,2026-05,142
5144,2026-06,16
2432,2026-05,200
8161,2026-06,8
1380,2026-06,15
8350,2026-06,3
7213,2026-06,13
2222,2026-04,123
5169,2026-06,10
2226,2026-04,108
2143,2026-04,238
7613,2026-05,5
2519,2026-04,99
8219,2026-06,9
3422,2026-05,327
2414,2026-06,8
3351,2026-06,5
2171,2026-06,9
5323,2026-05,279
6111,2026-06,5
5131,2026-04,333
8111,2026-06,11
7221,2026-06,9
1510,2026-05,189
7121,2026-04,31
5350,2026-05,203
2271,2026-06,18
8116,2026-06,2
8113,2026-06,2
2212,2026-05,88
7211,2026-05,2
1320,2026-05,59
9310,2026-05,106
7532,2026-06,1
5143,2026-04,15
7134,2026-05,64
5120,2026-05,633
9332,2026-05,52
3339,2026-05,214
7233,2026-04,222
7114,2026-05,242
8174,2026-05,11
5242,2026-04,373
2225,2026-05,116
8342,2026-04,100
3354,2026-04,139
3215,2026-05,44
8173,2026-05,16
8122,2026-05,6
7116,2026-06,13
7113,2026-04,113
2143,2026-05,283
2515,2026-05,206
3353,2026-06,3
1370,2026-05,127
5325,2026-06,4
8162,2026-05,17
5224,2026-06,4
5143,2026-05,20
2343,2026-05,319
2233,2026-04,82
2662,2026-05,220
8211,2026-04,60
2142,2026-05,94
1360,2026-05,107
3515,2026-06,3
7531,2026-05,10
5131,2026-05,388
3359,2026-05,235
9411,2026-04,117
2413,2026-04,43
8142,2026-05,55
9411,2026-05,132
2183,2026-05,80
2619,2026-05,29
2319,2026-05,88
5151,2026-04,33
2651,2026-06,2
2225,2026-04,119
4117,2026-05,148
2661,2026-05,689
2227,2026-05,66
1120,2026-05,43
2351,2026-05,476
8341,2026-05,10
5342,2026-05,403
2511,2026-05,323
2516,2026-05,139
1210,2026-05,117
3449,2026-05,106
3113,2026-04,371
4221,2026-05,21
3513,2026-05,112
7613,2026-06,1
5326,2026-06,6
2232,2026-05,95
5312,2026-05,410
2121,2026-06,3
8192,2026-05,16
7119,2026-05,29
3411,2026-05,388
8331,2026-05,45
3122,2026-04,29
7522,2026-04,9
1520,2026-05,113
8212,2026-05,218
7612,2026-05,48
2233,2026-05,103
3451,2026-05,64
8169,2026-05,20
2313,2026-04,110
2313,2026-05,162
3324,2026-05,87
3511,2026-05,145
3324,2026-04,54
2222,2026-05,137
2432,2026-04,297
2642,2026-05,37
2421,2026-05,427
5221,2026-05,85
9622,2026-05,44
2239,2026-05,51
3212,2026-05,45
1720,2026-05,93
8112,2026-06,1
2412,2026-05,241
2352,2026-05,85
4321,2026-05,47
8171,2026-06,1
2162,2026-06,2
7411,2026-04,179
1490,2026-06,1
4323,2026-05,133
7133,2026-06,2
7420,2026-05,113
5241,2026-05,407
1230,2026-05,246
7321,2026-06,3
4115,2026-05,29
3115,2026-05,40
3112,2026-04,357
1350,2026-05,24
5413,2026-05,93
1530,2026-05,73
5311,2026-04,184
5311,2026-05,262
2235,2026-05,50
2419,2026-05,40
5419,2026-05,50
2663,2026-05,66
3451,2026-04,44
2164,2026-05,16
8161,2026-05,8
7131,2026-05,76
8191,2026-05,39
3331,2026-05,48
5230,2026-05,52
5326,2026-05,1
2226,2026-05,99
8151,2026-04,20
2614,2026-04,34
3151,2026-05,7
5412,2026-05,33
7523,2026-05,26
2283,2026-05,61
8143,2026-06,7
0110,2026-05,16
9120,2026-05,125
7132,2026-05,87
8329,2026-05,163
5350,2026-04,162
1410,2026-05,199
2163,2026-05,21
4119,2026-05,357
0310,2026-05,34
5151,2026-05,50
4222,2026-04,365
3433,2026-05,30
3335,2026-04,88
1590,2026-05,113
3250,2026-05,99
8214,2026-05,57
2284,2026-05,56
5224,2026-05,8
2284,2026-04,49
7111,2026-04,202
8312,2026-06,1
8115,2026-06,1
2342,2026-05,461
2113,2026-05,46
5149,2026-05,177
2172,2026-05,15
3521,2026-05,20
6113,2026-05,116
2242,2026-05,14
7214,2026-05,56
2223,2026-05,79
2227,2026-04,73
5161,2026-05,9
8219,2026-04,7
5323,2026-04,232
5141,2026-05,82
3119,2026-05,33
6221,2026-06,2
3522,2026-05,19
8142,2026-04,38
9629,2026-05,30
4114,2026-05,46
2641,2026-06,2
2343,2026-04,212
4112,2026-05,188
1112,2026-05,5
7323,2026-06,1
2182,2026-05,64
2641,2026-05,2
7412,2026-05,91
4115,2026-04,16
9210,2026-05,10
8163,2026-05,13
4224,2026-05,153
9413,2026-05,44
3240,2026-05,24
2612,2026-05,17
2149,2026-04,56
2132,2026-05,12
6121,2026-05,16
8193,2026-05,6
2250,2026-05,34
3311,2026-05,2
5132,2026-04,95
2614,2026-05,47
2122,2026-05,20
3432,2026-05,16
2320,2026-04,194
7312,2026-05,2
7126,2026-04,35
1310,2026-05,39
9621,2026-05,31
8131,2026-05,16
2615,2026-05,79
3230,2026-06,1
3424,2026-05,18
4119,2026-04,330
4226,2026-05,12
7112,2026-05,56
3423,2026-05,78
5113,2026-05,11
7522,2026-05,20
2144,2026-04,215
3116,2026-05,35
1420,2026-05,12
3352,2026-05,23
5144,2026-05,23
5142,2026-05,17
3341,2026-05,50
3515,2026-05,7
4420,2026-05,70
7121,2026-05,30
0210,2026-05,18
5341,2026-05,28
1720,2026-04,82
3360,2026-05,2
3214,2026-05,28
7116,2026-05,19
3431,2026-05,19
2141,2026-05,124
3355,2026-05,53
3323,2026-04,247
7215,2026-05,9
2145,2026-05,28
8111,2026-05,8
3312,2026-05,35
8171,2026-05,9
2149,2026-05,52
5411,2026-05,21
1380,2026-05,7
6113,2026-04,103
2133,2026-05,31
2135,2026-05,9
2623,2026-05,33
2131,2026-05,57
5226,2026-05,20
2121,2026-05,9
2134,2026-05,17
1220,2026-05,41
2173,2026-05,29
8121,2026-05,18
3314,2026-05,28
3353,2026-05,18
6112,2026-05,20
2431,2026-04,162
8151,2026-05,26
3115,2026-04,30
1340,2026-05,14
6221,2026-05,2
8172,2026-05,4
1240,2026-05,25
7126,2026-05,40
4116,2026-05,17
3332,2026-05,16
7311,2026-05,25
8143,2026-05,13
2181,2026-05,42
8159,2026-05,11
4323,2026-04,103
2146,2026-05,22
2271,2026-05,8
7232,2026-05,2
1330,2026-05,36
5169,2026-05,27
3343,2026-05,34
2411,2026-05,23
3411,2026-04,382
7611,2026-05,16
3215,2026-04,33
2413,2026-05,42
6210,2026-05,21
2112,2026-05,6
6122,2026-05,9
2312,2026-05,88
3152,2026-05,8
2162,2026-05,4
5225,2026-05,21
4410,2026-05,22
7521,2026-05,5
8112,2026-05,3
1740,2026-05,18
2653,2026-05,3
7534,2026-05,2
7420,2026-04,118
2113,2026-04,22
3333,2026-04,208
2111,2026-05,19
2621,2026-05,13
7133,2026-05,2
2643,2026-05,15
8129,2026-04,26
3211,2026-05,7
9111,2026-04,726
1113,2026-05,22
2161,2026-05,9
3153,2026-05,4
5227,2026-05,21
2513,2026-05,9
7213,2026-05,18
2671,2026-05,14
3439,2026-05,13
3121,2026-04,93
9331,2026-05,9
4223,2026-05,12
4212,2026-05,5
6129,2026-05,12
5414,2026-05,5
2179,2026-05,10
2312,2026-04,74
6122,2026-04,18
3154,2026-05,5
8141,2026-04,13
5325,2026-05,2
9320,2026-05,23
2415,2026-05,13
7119,2026-04,32
3351,2026-05,9
2654,2026-05,18
2655,2026-05,2
8199,2026-05,8
2652,2026-05,15
2311,2026-05,8
5142,2026-04,20
7321,2026-05,8
7533,2026-05,1
7134,2026-04,63
3240,2026-04,11
3342,2026-05,14
8181,2026-05,7
3250,2026-04,84
2213,2026-05,7
3155,2026-05,3
3441,2026-04,40
7319,2026-05,6
3119,2026-04,31
5419,2026-04,51
9413,2026-04,29
7114,2026-04,237
2414,2026-05,3
5221,2026-04,103
8213,2026-04,185
9622,2026-04,42
3334,2026-05,7
5241,2026-04,227
8214,2026-04,33
2114,2026-05,11
3522,2026-04,17
3449,2026-04,83
3452,2026-05,14
8169,2026-04,13
8189,2026-05,3
9520,2026-05,16
2651,2026-05,3
3155,2026-04,4
3321,2026-05,16
2671,2026-04,14
3433,2026-04,33
3331,2026-04,69
4321,2026-04,29
8173,2026-04,11
5349,2026-05,8
1370,2026-04,83
1320,2026-04,50
7532,2026-05,2
1710,2026-05,5
2642,2026-04,35
5149,2026-04,60
2142,2026-04,104
9629,2026-04,23
4225,2026-04,198
3355,2026-04,34
7123,2026-05,5
6222,2026-05,1
2183,2026-04,84
2514,2026-04,132
2131,2026-04,41
2319,2026-04,57
8343,2026-05,5
2171,2026-05,7
7124,2026-05,11
3334,2026-04,2
2672,2026-05,3
7413,2026-04,25
7115,2026-05,1
3111,2026-04,101
2232,2026-04,81
7221,2026-05,5
5111,2026-05,1
2654,2026-04,20
6121,2026-04,19
2141,2026-04,102
7531,2026-04,13
2613,2026-05,1
5112,2026-05,2
3439,2026-04,7
2622,2026-04,130
8311,2026-05,2
2662,2026-04,173
1111,2026-05,2
7116,2026-04,27
1420,2026-04,14
8174,2026-04,6
2182,2026-04,43
4211,2026-04,36
8113,2026-05,1
3230,2026-05,2
7612,2026-04,33
2181,2026-04,35
2234,2026-04,10
3211,2026-04,8
3353,2026-04,26
3359,2026-04,172
1330,2026-04,36
2359,2026-04,128
4112,2026-04,187
7321,2026-04,7
8343,2026-04,10
1410,2026-04,169
1790,2026-04,2
8192,2026-04,22
1490,2026-05,1
3342,2026-04,20
1730,2026-04,101
2163,2026-04,16
2250,2026-04,35
2111,2026-04,33
1310,2026-04,37
8331,2026-04,36
4420,2026-04,68
9332,2026-04,47
5226,2026-04,18
7319,2026-04,9
7613,2026-04,5
2612,2026-04,17
2179,2026-04,13
2619,2026-04,27
1610,2026-05,1
5161,2026-04,6
1120,2026-04,40
2419,2026-04,22
3321,2026-04,10
9610,2026-04,67
6111,2026-04,3
2162,2026-04,3
3314,2026-04,16
7523,2026-04,33
8161,2026-04,12
7131,2026-04,50
4224,2026-04,110
5413,2026-04,82
8162,2026-04,23
3151,2026-04,8
2146,2026-04,31
1540,2026-05,1
6129,2026-04,12
3332,2026-04,7
4113,2026-04,33
3343,2026-04,28
2164,2026-04,20
3432,2026-04,13
3431,2026-04,30
1220,2026-04,26
9310,2026-04,84
7311,2026-04,23
8350,2026-05,1
1740,2026-04,11
7122,2026-04,10
2621,2026-04,8
1240,2026-04,10
3212,2026-04,58
2663,2026-04,62
2121,2026-04,8
2161,2026-04,12
1380,2026-04,6
2171,2026-04,7
7611,2026-04,23
3117,2026-04,25
2651,2026-04,4
8114,2026-04,30
4116,2026-04,38
4114,2026-04,72
3452,2026-04,11
3312,2026-04,42
2643,2026-04,9
6221,2026-04,3
2282,2026-04,23
2414,2026-04,2
2135,2026-04,16
3352,2026-04,43
3422,2026-04,91
5225,2026-04,43
2132,2026-04,21
6210,2026-04,21
4410,2026-04,28
3116,2026-04,33
4221,2026-04,16
7521,2026-04,12
4223,2026-04,13
8350,2026-04,5
8131,2026-04,36
5414,2026-04,11
2239,2026-04,37
7215,2026-04,4
5412,2026-04,26
2669,2026-04,7
2145,2026-04,19
9320,2026-04,15
7221,2026-04,7
0310,2026-04,28
7322,2026-04,12
9621,2026-04,38
7213,2026-04,13
8159,2026-04,8
8163,2026-04,19
6112,2026-04,36
8122,2026-04,2
3424,2026-04,15
2173,2026-04,19
8193,2026-04,11
3341,2026-04,39
0110,2026-04,12
2242,2026-04,10
2133,2026-04,22
4226,2026-04,30
8341,2026-04,10
2172,2026-04,11
8112,2026-04,2
2415,2026-04,8
1111,2026-04,1
5224,2026-04,7
2652,2026-04,13
4212,2026-04,12
5113,2026-04,16
3515,2026-04,10
1350,2026-04,26
3213,2026-04,49
8199,2026-04,19
1340,2026-04,10
1112,2026-04,10
7224,2026-04,10
8143,2026-04,8
8311,2026-04,1
2611,2026-04,4
2411,2026-04,12
3521,2026-04,8
3351,2026-04,12
3152,2026-04,15
8181,2026-04,6
2213,2026-04,7
1113,2026-04,23
7123,2026-04,4
8172,2026-04,3
7124,2026-04,5
1710,2026-04,9
3360,2026-04,5
9520,2026-04,13
2641,2026-04,3
2655,2026-04,2
9210,2026-04,6
3230,2026-04,1
2672,2026-04,4
2513,2026-04,5
8116,2026-04,3
7211,2026-04,4
7323,2026-04,2
2114,2026-04,6
2122,2026-04,12
5227,2026-04,13
8189,2026-04,1
1540,2026-04,1
5349,2026-04,9
8171,2026-04,2
7533,2026-04,2
5112,2026-04,2
5326,2026-04,2
9331,2026-04,4
8111,2026-04,6
5144,2026-04,9
5169,2026-04,1
2289,2026-04,1
7534,2026-04,3
8115,2026-04,1
2653,2026-04,2
2271,2026-04,5
3153,2026-04,3
1610,2026-04,1
5325,2026-04,2
