Date,omxspi_close
2020-01-02,693.5599975585938
2020-01-03,686.5999755859375
2020-01-07,689.22998046875
2020-01-08,688.8599853515625
2020-01-09,691.760009765625
2020-01-10,689.719970703125
2020-01-13,692.0
2020-01-14,692.1900024414062
2020-01-15,690.3699951171875
2020-01-16,699.6699829101562
2020-01-17,704.9600219726562
2020-01-20,705.0800170898438
2020-01-21,704.4199829101562
2020-01-22,701.0499877929688
2020-01-23,693.2000122070312
2020-01-24,700.4500122070312
2020-01-27,685.47998046875
2020-01-28,690.2899780273438
2020-01-29,693.5700073242188
2020-01-30,690.6699829101562
2020-01-31,689.0599975585938
2020-02-03,688.719970703125
2020-02-04,703.4600219726562
2020-02-05,712.27001953125
2020-02-06,711.1400146484375
2020-02-07,708.5999755859375
2020-02-10,711.510009765625
2020-02-11,721.8099975585938
2020-02-12,724.6599731445312
2020-02-13,725.3499755859375
2020-02-14,727.739990234375
2020-02-17,729.4500122070312
2020-02-18,724.0800170898438
2020-02-19,732.6699829101562
2020-02-20,732.1599731445312
2020-02-21,725.6199951171875
2020-02-24,694.8099975585938
2020-02-25,683.27001953125
2020-02-26,687.010009765625
2020-02-27,661.5700073242188
2020-02-28,640.5800170898438
2020-03-02,643.6199951171875
2020-03-03,653.8499755859375
2020-03-04,657.52001953125
2020-03-05,650.469970703125
2020-03-06,629.22998046875
2020-03-09,594.75
2020-03-10,589.7000122070312
2020-03-11,577.9099731445312
2020-03-12,513.5599975585938
2020-03-13,521.3200073242188
2020-03-16,496.69000244140625
2020-03-17,505.70001220703125
2020-03-18,489.07000732421875
2020-03-19,505.5400085449219
2020-03-20,505.0799865722656
2020-03-23,478.95001220703125
2020-03-24,513.75
2020-03-25,535.8400268554688
2020-03-26,546.4099731445312
2020-03-27,529.9600219726562
2020-03-30,540.780029296875
2020-03-31,555.5999755859375
2020-04-01,536.6699829101562
2020-04-02,536.47998046875
2020-04-03,531.75
2020-04-06,553.3900146484375
2020-04-07,573.1300048828125
2020-04-08,572.780029296875
2020-04-09,574.4400024414062
2020-04-14,586.9199829101562
2020-04-15,565.5399780273438
2020-04-16,563.5900268554688
2020-04-17,582.1500244140625
2020-04-20,585.25
2020-04-21,570.0800170898438
2020-04-22,580.72998046875
2020-04-23,587.8699951171875
2020-04-24,580.4400024414062
2020-04-27,587.9500122070312
2020-04-28,596.3300170898438
2020-04-29,608.4600219726562
2020-04-30,601.8599853515625
2020-05-04,574.7999877929688
2020-05-05,587.47998046875
2020-05-06,583.260009765625
2020-05-07,592.280029296875
2020-05-08,602.8900146484375
2020-05-11,600.469970703125
2020-05-12,604.27001953125
2020-05-13,588.4400024414062
2020-05-14,570.8699951171875
2020-05-15,577.9099731445312
2020-05-18,603.3699951171875
2020-05-19,605.52001953125
2020-05-20,605.8900146484375
2020-05-22,605.4099731445312
2020-05-25,618.0700073242188
2020-05-26,623.8900146484375
2020-05-27,626.5499877929688
2020-05-28,637.3900146484375
2020-05-29,632.9199829101562
2020-06-01,639.8699951171875
2020-06-02,647.3599853515625
2020-06-03,662.8400268554688
2020-06-04,660.969970703125
2020-06-05,671.8300170898438
2020-06-08,666.1099853515625
2020-06-09,657.1099853515625
2020-06-10,654.6699829101562
2020-06-11,624.7100219726562
2020-06-12,624.9199829101562
2020-06-15,628.3400268554688
2020-06-16,648.4600219726562
2020-06-17,652.5
2020-06-18,650.6699829101562
2020-06-22,645.5700073242188
2020-06-23,653.6099853515625
2020-06-24,639.1599731445312
2020-06-25,643.77001953125
2020-06-26,644.6699829101562
2020-06-29,647.02001953125
2020-06-30,646.5800170898438
2020-07-01,652.239990234375
2020-07-02,662.7000122070312
2020-07-03,661.2899780273438
2020-07-06,673.719970703125
2020-07-07,671.2100219726562
2020-07-08,668.6699829101562
2020-07-09,663.2999877929688
2020-07-10,668.0900268554688
2020-07-13,679.22998046875
2020-07-14,676.4600219726562
2020-07-15,688.4099731445312
2020-07-16,684.8400268554688
2020-07-17,690.3499755859375
2020-07-20,697.22998046875
2020-07-21,693.4500122070312
2020-07-22,698.47998046875
2020-07-23,699.3599853515625
2020-07-24,685.1500244140625
2020-07-27,688.4500122070312
2020-07-28,686.22998046875
2020-07-29,690.1099853515625
2020-07-30,675.0499877929688
2020-07-31,673.5700073242188
2020-08-03,688.6099853515625
2020-08-04,684.75
2020-08-05,691.27001953125
2020-08-06,690.4000244140625
2020-08-07,692.0
2020-08-10,693.0499877929688
2020-08-11,703.1099853515625
2020-08-12,703.7999877929688
2020-08-13,705.3699951171875
2020-08-14,693.9400024414062
2020-08-17,701.6300048828125
2020-08-18,695.9000244140625
2020-08-19,701.6699829101562
2020-08-20,693.8499755859375
2020-08-21,693.5800170898438
2020-08-24,703.760009765625
2020-08-25,702.8699951171875
2020-08-26,709.510009765625
2020-08-27,706.0999755859375
2020-08-28,700.75
2020-08-31,698.469970703125
2020-09-01,700.010009765625
2020-09-02,705.4400024414062
2020-09-03,695.9199829101562
2020-09-04,692.489990234375
2020-09-07,707.8099975585938
2020-09-08,702.260009765625
2020-09-09,713.4199829101562
2020-09-10,710.8699951171875
2020-09-11,712.0700073242188
2020-09-14,712.9500122070312
2020-09-15,720.0999755859375
2020-09-16,727.530029296875
2020-09-17,727.0800170898438
2020-09-18,729.0
2020-09-21,705.22998046875
2020-09-22,708.5800170898438
2020-09-23,712.3599853515625
2020-09-24,707.75
2020-09-25,711.0499877929688
2020-09-28,728.6500244140625
2020-09-29,730.1400146484375
2020-09-30,728.7000122070312
2020-10-01,730.3300170898438
2020-10-02,725.75
2020-10-05,735.2100219726562
2020-10-06,735.4400024414062
2020-10-07,736.0700073242188
2020-10-08,737.8499755859375
2020-10-09,738.489990234375
2020-10-12,743.8200073242188
2020-10-13,737.3900146484375
2020-10-14,739.9099731445312
2020-10-15,728.5700073242188
2020-10-16,735.0900268554688
2020-10-19,736.8300170898438
2020-10-20,734.780029296875
2020-10-21,724.4000244140625
2020-10-22,724.1400146484375
2020-10-23,724.77001953125
2020-10-26,703.72998046875
2020-10-27,700.3900146484375
2020-10-28,681.0800170898438
2020-10-29,679.5599975585938
2020-10-30,683.510009765625
2020-11-02,692.9299926757812
2020-11-03,703.989990234375
2020-11-04,719.0999755859375
2020-11-05,729.3699951171875
2020-11-06,728.530029296875
2020-11-09,747.22998046875
2020-11-10,742.0800170898438
2020-11-11,749.8200073242188
2020-11-12,745.4099731445312
2020-11-13,747.7100219726562
2020-11-16,755.3900146484375
2020-11-17,755.1500244140625
2020-11-18,756.469970703125
2020-11-19,754.0900268554688
2020-11-20,758.0399780273438
2020-11-23,755.75
2020-11-24,758.280029296875
2020-11-25,756.239990234375
2020-11-26,757.969970703125
2020-11-27,762.4199829101562
2020-11-30,759.739990234375
2020-12-01,760.8099975585938
2020-12-02,759.9400024414062
2020-12-03,758.4000244140625
2020-12-04,758.280029296875
2020-12-07,756.75
2020-12-08,764.4199829101562
2020-12-09,764.3499755859375
2020-12-10,759.3699951171875
2020-12-11,756.6699829101562
2020-12-14,759.72998046875
2020-12-15,759.760009765625
2020-12-16,761.5800170898438
2020-12-17,761.969970703125
2020-12-18,762.5800170898438
2020-12-21,748.530029296875
2020-12-22,755.9500122070312
2020-12-23,760.3400268554688
2020-12-28,768.6300048828125
2020-12-29,774.1500244140625
2020-12-30,768.3800048828125
2021-01-04,775.2899780273438
2021-01-05,773.969970703125
2021-01-07,786.9199829101562
2021-01-08,792.4500122070312
2021-01-11,786.0900268554688
2021-01-12,790.7999877929688
2021-01-13,794.2100219726562
2021-01-14,798.780029296875
2021-01-15,790.1300048828125
2021-01-18,793.5399780273438
2021-01-19,794.1500244140625
2021-01-20,801.3599853515625
2021-01-21,804.5499877929688
2021-01-22,803.2000122070312
2021-01-25,795.6500244140625
2021-01-26,804.8800048828125
2021-01-27,796.3499755859375
2021-01-28,795.8200073242188
2021-01-29,787.8699951171875
2021-02-01,802.3400268554688
2021-02-02,810.4000244140625
2021-02-03,813.77001953125
2021-02-04,815.760009765625
2021-02-05,809.530029296875
2021-02-08,813.4000244140625
2021-02-09,809.8200073242188
2021-02-10,808.5700073242188
2021-02-11,815.489990234375
2021-02-12,820.3300170898438
2021-02-16,824.0
2021-02-17,817.2000122070312
2021-02-18,813.4600219726562
2021-02-19,822.6599731445312
2021-02-22,819.989990234375
2021-02-23,811.760009765625
2021-02-24,818.1699829101562
2021-02-25,819.8099975585938
2021-02-26,810.780029296875
2021-03-01,829.4000244140625
2021-03-02,834.030029296875
2021-03-03,835.7899780273438
2021-03-04,830.1599731445312
2021-03-05,822.219970703125
2021-03-08,838.0999755859375
2021-03-09,848.0399780273438
2021-03-10,851.8400268554688
2021-03-11,865.9299926757812
2021-03-12,864.2100219726562
2021-03-15,862.22998046875
2021-03-16,870.9299926757812
2021-03-17,864.0
2021-03-18,865.760009765625
2021-03-19,862.8599853515625
2021-03-22,864.77001953125
2021-03-23,862.6599731445312
2021-03-24,867.1500244140625
2021-03-25,863.6799926757812
2021-03-26,871.8400268554688
2021-03-29,865.989990234375
2021-03-30,875.1599731445312
2021-03-31,873.3900146484375
2021-04-01,879.010009765625
2021-04-06,890.469970703125
2021-04-07,891.97998046875
2021-04-08,897.469970703125
2021-04-09,902.6099853515625
2021-04-12,896.3699951171875
2021-04-13,905.530029296875
2021-04-14,900.6500244140625
2021-04-15,907.8300170898438
2021-04-16,921.1300048828125
2021-04-19,913.5999755859375
2021-04-20,895.1699829101562
2021-04-21,901.0
2021-04-22,906.6400146484375
2021-04-23,908.8800048828125
2021-04-26,911.010009765625
2021-04-27,914.3800048828125
2021-04-28,905.6900024414062
2021-04-29,904.469970703125
2021-04-30,897.2000122070312
2021-05-03,902.75
2021-05-04,885.8699951171875
2021-05-05,907.469970703125
2021-05-06,901.6199951171875
2021-05-07,909.739990234375
2021-05-10,910.489990234375
2021-05-11,884.5
2021-05-12,889.4400024414062
2021-05-14,899.1199951171875
2021-05-17,892.0499877929688
2021-05-18,901.9000244140625
2021-05-19,884.8699951171875
2021-05-20,900.0800170898438
2021-05-21,901.4400024414062
2021-05-24,904.6500244140625
2021-05-25,905.6799926757812
2021-05-26,900.0800170898438
2021-05-27,906.22998046875
2021-05-28,913.77001953125
2021-06-01,921.9500122070312
2021-06-02,921.3699951171875
2021-06-03,922.1300048828125
2021-06-04,923.02001953125
2021-06-07,921.780029296875
2021-06-08,925.0
2021-06-09,924.8599853515625
2021-06-10,924.4600219726562
2021-06-11,927.4099731445312
2021-06-14,929.0
2021-06-15,926.4500122070312
2021-06-16,927.3099975585938
2021-06-17,920.2999877929688
2021-06-18,911.8099975585938
2021-06-21,913.6599731445312
2021-06-22,914.6699829101562
2021-06-23,905.27001953125
2021-06-24,916.6599731445312
2021-06-28,914.3699951171875
2021-06-29,924.9199829101562
2021-06-30,916.5900268554688
2021-07-01,922.4099731445312
2021-07-02,930.7100219726562
2021-07-06,935.989990234375
2021-07-07,952.0700073242188
2021-07-08,938.6199951171875
2021-07-09,949.2100219726562
2021-07-12,960.0800170898438
2021-07-13,964.5900268554688
2021-07-14,964.0700073242188
2021-07-15,958.4600219726562
2021-07-16,958.6699829101562
2021-07-19,939.9500122070312
2021-07-20,944.3200073242188
2021-07-21,960.3900146484375
2021-07-22,973.8699951171875
2021-07-23,985.9299926757812
2021-07-26,986.2100219726562
2021-07-27,981.6699829101562
2021-07-28,984.25
2021-07-29,987.1599731445312
2021-07-30,984.6699829101562
2021-08-02,992.260009765625
2021-08-03,993.72998046875
2021-08-04,1002.5499877929688
2021-08-05,1003.75
2021-08-06,995.2100219726562
2021-08-09,993.75
2021-08-10,997.969970703125
2021-08-11,1000.9600219726562
2021-08-12,1001.4099731445312
2021-08-13,1001.989990234375
2021-08-16,989.6699829101562
2021-08-17,993.0399780273438
2021-08-18,992.02001953125
2021-08-19,975.8200073242188
2021-08-20,987.6300048828125
2021-08-23,991.6500244140625
2021-08-24,987.8099975585938
2021-08-25,989.1599731445312
2021-08-26,988.0399780273438
2021-08-27,992.0900268554688
2021-08-30,994.9099731445312
2021-08-31,989.4299926757812
2021-09-01,991.8800048828125
2021-09-02,1001.719970703125
2021-09-03,995.0700073242188
2021-09-06,1001.4099731445312
2021-09-07,994.8200073242188
2021-09-08,979.6699829101562
2021-09-09,982.9099731445312
2021-09-10,981.1599731445312
2021-09-13,973.77001953125
2021-09-14,977.3800048828125
2021-09-15,968.2000122070312
2021-09-16,977.4500122070312
2021-09-17,969.3200073242188
2021-09-20,942.3800048828125
2021-09-21,941.739990234375
2021-09-22,950.2899780273438
2021-09-23,966.030029296875
2021-09-24,954.3599853515625
2021-09-27,946.9500122070312
2021-09-28,924.02001953125
2021-09-29,923.6500244140625
2021-09-30,927.6199951171875
2021-10-01,926.5399780273438
2021-10-04,915.6400146484375
2021-10-05,925.8800048828125
2021-10-06,912.9400024414062
2021-10-07,927.7999877929688
2021-10-08,918.989990234375
2021-10-11,914.760009765625
2021-10-12,925.6199951171875
2021-10-13,940.5399780273438
2021-10-14,950.75
2021-10-15,959.4500122070312
2021-10-18,959.8800048828125
2021-10-19,965.239990234375
2021-10-20,966.989990234375
2021-10-21,972.5499877929688
2021-10-22,980.75
2021-10-25,976.719970703125
2021-10-26,981.1300048828125
2021-10-27,976.5
2021-10-28,978.6799926757812
2021-10-29,969.9600219726562
2021-11-01,974.5999755859375
2021-11-02,977.5700073242188
2021-11-03,985.6300048828125
2021-11-04,995.77001953125
2021-11-05,996.4299926757812
2021-11-08,998.0700073242188
2021-11-09,998.0800170898438
2021-11-10,998.0900268554688
2021-11-11,1006.719970703125
2021-11-12,1021.8400268554688
2021-11-15,1028.06005859375
2021-11-16,1033.81005859375
2021-11-17,1033.4100341796875
2021-11-18,1030.3599853515625
2021-11-19,1032.6300048828125
2021-11-22,1027.949951171875
2021-11-23,1006.25
2021-11-24,1006.9199829101562
2021-11-25,1012.9199829101562
2021-11-26,978.5399780273438
2021-11-29,992.3499755859375
2021-11-30,986.3300170898438
2021-12-01,1002.9500122070312
2021-12-02,988.780029296875
2021-12-03,974.9000244140625
2021-12-06,978.739990234375
2021-12-07,1005.75
2021-12-08,1003.0900268554688
2021-12-09,1004.5700073242188
2021-12-10,997.9500122070312
2021-12-13,993.5700073242188
2021-12-14,977.760009765625
2021-12-15,981.280029296875
2021-12-16,990.4199829101562
2021-12-17,988.4299926757812
2021-12-20,979.0900268554688
2021-12-21,993.5700073242188
2021-12-22,1001.9400024414062
2021-12-23,1017.6400146484375
2021-12-27,1030.22998046875
2021-12-28,1036.0999755859375
2021-12-29,1035.949951171875
2021-12-30,1037.1400146484375
2022-01-03,1044.5799560546875
2022-01-04,1045.280029296875
2022-01-05,1040.0799560546875
2022-01-07,1012.6900024414062
2022-01-10,980.6799926757812
2022-01-11,989.1900024414062
2022-01-12,999.010009765625
2022-01-13,996.8200073242188
2022-01-14,974.0
2022-01-17,974.0
2022-01-18,954.3200073242188
2022-01-19,959.8300170898438
2022-01-20,969.7000122070312
2022-01-21,949.8699951171875
2022-01-24,907.5999755859375
2022-01-25,910.5900268554688
2022-01-26,931.2000122070312
2022-01-27,923.6500244140625
2022-01-28,919.9000244140625
2022-01-31,935.0900268554688
2022-02-01,948.2899780273438
2022-02-02,955.8699951171875
2022-02-03,936.0399780273438
2022-02-04,921.219970703125
2022-02-07,927.510009765625
2022-02-08,921.1500244140625
2022-02-09,943.1500244140625
2022-02-10,940.489990234375
2022-02-11,931.0599975585938
2022-02-14,907.7000122070312
2022-02-15,927.0700073242188
2022-02-16,921.8499755859375
2022-02-17,903.6799926757812
2022-02-18,885.6300048828125
2022-02-21,865.3300170898438
2022-02-22,872.719970703125
2022-02-23,863.2100219726562
2022-02-24,842.6799926757812
2022-02-25,865.530029296875
2022-02-28,871.8599853515625
2022-03-01,852.0599975585938
2022-03-02,859.0399780273438
2022-03-03,837.9199829101562
2022-03-04,812.9000244140625
2022-03-07,809.6599731445312
2022-03-08,807.4099731445312
2022-03-09,839.8099975585938
2022-03-10,835.0499877929688
2022-03-11,850.52001953125
2022-03-14,864.77001953125
2022-03-15,853.97998046875
2022-03-16,891.219970703125
2022-03-17,893.6300048828125
2022-03-18,903.5700073242188
2022-03-21,904.6300048828125
2022-03-22,902.8599853515625
2022-03-23,889.8099975585938
2022-03-24,877.02001953125
2022-03-25,871.1699829101562
2022-03-28,880.6300048828125
2022-03-29,902.0399780273438
2022-03-30,895.5399780273438
2022-03-31,887.4400024414062
2022-04-01,896.1300048828125
2022-04-04,906.5900268554688
2022-04-05,904.4099731445312
2022-04-06,887.0599975585938
2022-04-07,886.77001953125
2022-04-08,891.760009765625
2022-04-11,875.9199829101562
2022-04-12,879.9400024414062
2022-04-13,879.02001953125
2022-04-14,879.8200073242188
2022-04-19,877.5700073242188
2022-04-20,880.1300048828125
2022-04-21,885.2899780273438
2022-04-22,868.2100219726562
2022-04-25,847.239990234375
2022-04-26,829.4099731445312
2022-04-27,837.5999755859375
2022-04-28,836.5900268554688
2022-04-29,845.510009765625
2022-05-02,828.3800048828125
2022-05-03,829.75
2022-05-04,818.0499877929688
2022-05-05,808.2100219726562
2022-05-06,793.7100219726562
2022-05-09,767.5
2022-05-10,777.5
2022-05-11,796.5900268554688
2022-05-12,793.0499877929688
2022-05-13,811.6699829101562
2022-05-16,812.3499755859375
2022-05-17,822.2100219726562
2022-05-18,812.7100219726562
2022-05-19,811.02001953125
2022-05-20,813.2899780273438
2022-05-23,821.6400146484375
2022-05-24,813.0599975585938
2022-05-25,804.2899780273438
2022-05-27,836.8800048828125
2022-05-30,845.6900024414062
2022-05-31,832.8200073242188
2022-06-01,826.5
2022-06-02,839.760009765625
2022-06-03,835.3599853515625
2022-06-07,837.530029296875
2022-06-08,837.0
2022-06-09,819.0
2022-06-10,794.989990234375
2022-06-13,778.4400024414062
2022-06-14,763.3400268554688
2022-06-15,770.280029296875
2022-06-16,743.4400024414062
2022-06-17,744.77001953125
2022-06-20,749.6300048828125
2022-06-21,750.3900146484375
2022-06-22,745.8300170898438
2022-06-23,735.0900268554688
2022-06-27,759.6300048828125
2022-06-28,753.75
2022-06-29,747.989990234375
2022-06-30,734.280029296875
2022-07-01,739.9299926757812
2022-07-04,739.9600219726562
2022-07-05,733.4299926757812
2022-07-06,755.0499877929688
2022-07-07,772.22998046875
2022-07-08,777.4000244140625
2022-07-11,766.02001953125
2022-07-12,778.1799926757812
2022-07-13,764.02001953125
2022-07-14,752.280029296875
2022-07-15,757.4099731445312
2022-07-18,770.5700073242188
2022-07-19,780.6300048828125
2022-07-20,780.5399780273438
2022-07-21,791.0700073242188
2022-07-22,799.510009765625
2022-07-25,794.8800048828125
2022-07-26,785.030029296875
2022-07-27,788.5800170898438
2022-07-28,805.219970703125
2022-07-29,822.7100219726562
2022-08-01,813.8699951171875
2022-08-02,803.010009765625
2022-08-03,810.6599731445312
2022-08-04,816.3499755859375
2022-08-05,802.4000244140625
2022-08-08,812.27001953125
2022-08-09,796.7000122070312
2022-08-10,817.5700073242188
2022-08-11,818.469970703125
2022-08-12,822.3800048828125
2022-08-15,821.280029296875
2022-08-16,826.0399780273438
2022-08-17,813.6500244140625
2022-08-18,821.3699951171875
2022-08-19,807.7899780273438
2022-08-22,790.27001953125
2022-08-23,785.0999755859375
2022-08-24,785.5700073242188
2022-08-25,788.0499877929688
2022-08-26,772.6699829101562
2022-08-29,766.530029296875
2022-08-30,768.3900146484375
2022-08-31,763.0800170898438
2022-09-01,742.0800170898438
2022-09-02,760.8599853515625
2022-09-05,749.5800170898438
2022-09-06,752.1500244140625
2022-09-07,750.0900268554688
2022-09-08,755.3599853515625
2022-09-09,767.6699829101562
2022-09-12,783.760009765625
2022-09-13,765.6400146484375
2022-09-14,755.9000244140625
2022-09-15,752.4299926757812
2022-09-16,741.5599975585938
2022-09-19,737.280029296875
2022-09-20,722.7899780273438
2022-09-21,729.5599975585938
2022-09-22,708.5599975585938
2022-09-23,702.4000244140625
2022-09-26,697.1400146484375
2022-09-27,700.010009765625
2022-09-28,707.0599975585938
2022-09-29,690.0700073242188
2022-09-30,706.2000122070312
2022-10-03,710.6300048828125
2022-10-04,735.969970703125
2022-10-05,719.7899780273438
2022-10-06,722.7100219726562
2022-10-07,702.3300170898438
2022-10-10,700.8099975585938
2022-10-11,700.4000244140625
2022-10-12,697.8300170898438
2022-10-13,706.1400146484375
2022-10-14,712.8499755859375
2022-10-17,728.47998046875
2022-10-18,739.8900146484375
2022-10-19,725.8900146484375
2022-10-20,721.9500122070312
2022-10-21,719.0599975585938
2022-10-24,733.8300170898438
2022-10-25,749.9099731445312
2022-10-26,753.8499755859375
2022-10-27,751.969970703125
2022-10-28,752.1900024414062
2022-10-31,750.4199829101562
2022-11-01,756.2899780273438
2022-11-02,756.8200073242188
2022-11-03,746.0499877929688
2022-11-04,759.489990234375
2022-11-07,766.9000244140625
2022-11-08,778.4099731445312
2022-11-09,776.5499877929688
2022-11-10,809.75
2022-11-11,817.239990234375
2022-11-14,814.4400024414062
2022-11-15,808.4600219726562
2022-11-16,795.25
2022-11-17,790.3800048828125
2022-11-18,798.9299926757812
2022-11-21,797.5999755859375
2022-11-22,802.3599853515625
2022-11-23,809.0499877929688
2022-11-24,811.4199829101562
2022-11-25,813.2899780273438
2022-11-28,803.8200073242188
2022-11-29,800.22998046875
2022-11-30,803.4000244140625
2022-12-01,814.0
2022-12-02,816.5999755859375
2022-12-05,821.219970703125
2022-12-06,807.280029296875
2022-12-07,799.4299926757812
2022-12-08,799.8699951171875
2022-12-09,811.5
2022-12-12,808.7000122070312
2022-12-13,822.739990234375
2022-12-14,824.1699829101562
2022-12-15,799.0800170898438
2022-12-16,783.1099853515625
2022-12-19,780.9199829101562
2022-12-20,775.6900024414062
2022-12-21,788.1699829101562
2022-12-22,778.8900146484375
2022-12-23,784.8900146484375
2022-12-27,789.5700073242188
2022-12-28,784.0800170898438
2022-12-29,795.3099975585938
2022-12-30,781.8599853515625
2023-01-02,795.8499755859375
2023-01-03,801.77001953125
2023-01-04,810.3200073242188
2023-01-05,813.989990234375
2023-01-09,833.8800048828125
2023-01-10,830.3900146484375
2023-01-11,841.4600219726562
2023-01-12,850.4400024414062
2023-01-13,847.0399780273438
2023-01-16,854.8499755859375
2023-01-17,850.2899780273438
2023-01-18,851.3699951171875
2023-01-19,830.7000122070312
2023-01-20,840.2999877929688
2023-01-23,853.010009765625
2023-01-24,850.25
2023-01-25,844.8099975585938
2023-01-26,845.1400146484375
2023-01-27,850.469970703125
2023-01-30,846.6099853515625
2023-01-31,843.3300170898438
2023-02-01,850.739990234375
2023-02-02,886.5900268554688
2023-02-03,885.780029296875
2023-02-06,869.4600219726562
2023-02-07,867.1400146484375
2023-02-08,865.5599975585938
2023-02-09,861.9000244140625
2023-02-10,848.5
2023-02-13,861.0700073242188
2023-02-14,861.5399780273438
2023-02-15,867.9500122070312
2023-02-16,868.219970703125
2023-02-17,863.510009765625
2023-02-20,860.719970703125
2023-02-21,851.739990234375
2023-02-22,849.8300170898438
2023-02-23,851.510009765625
2023-02-24,840.72998046875
2023-02-27,853.0700073242188
2023-02-28,853.47998046875
2023-03-01,848.3300170898438
2023-03-02,847.989990234375
2023-03-03,863.1199951171875
2023-03-06,865.469970703125
2023-03-07,857.469970703125
2023-03-08,856.4500122070312
2023-03-09,853.1699829101562
2023-03-10,833.010009765625
2023-03-13,819.3300170898438
2023-03-14,832.5999755859375
2023-03-15,801.0399780273438
2023-03-16,811.8699951171875
2023-03-17,797.0700073242188
2023-03-20,805.2999877929688
2023-03-21,815.7999877929688
2023-03-22,812.25
2023-03-23,810.4099731445312
2023-03-24,794.1699829101562
2023-03-27,803.1500244140625
2023-03-28,800.47998046875
2023-03-29,813.9500122070312
2023-03-30,833.780029296875
2023-03-31,842.9299926757812
2023-04-03,837.6400146484375
2023-04-04,842.8200073242188
2023-04-05,826.3499755859375
2023-04-06,830.4600219726562
2023-04-11,843.8800048828125
2023-04-12,844.969970703125
2023-04-13,848.8599853515625
2023-04-14,858.8200073242188
2023-04-17,857.8099975585938
2023-04-18,858.72998046875
2023-04-19,853.5700073242188
2023-04-20,849.0499877929688
2023-04-21,848.219970703125
2023-04-24,852.0599975585938
2023-04-25,847.1900024414062
2023-04-26,845.030029296875
2023-04-27,855.2000122070312
2023-04-28,858.6099853515625
2023-05-02,843.8200073242188
2023-05-03,845.239990234375
2023-05-04,842.760009765625
2023-05-05,849.969970703125
2023-05-08,847.9400024414062
2023-05-09,838.780029296875
2023-05-10,834.280029296875
2023-05-11,842.9299926757812
2023-05-12,842.780029296875
2023-05-15,849.3400268554688
2023-05-16,841.02001953125
2023-05-17,840.5800170898438
2023-05-19,856.1599731445312
2023-05-22,855.010009765625
2023-05-23,851.3099975585938
2023-05-24,832.030029296875
2023-05-25,829.0399780273438
2023-05-26,842.9500122070312
2023-05-29,838.0599975585938
2023-05-30,836.5999755859375
2023-05-31,830.2899780273438
2023-06-01,835.7999877929688
2023-06-02,853.5999755859375
2023-06-05,853.8300170898438
2023-06-07,858.27001953125
2023-06-08,854.75
2023-06-09,855.0999755859375
2023-06-12,855.1500244140625
2023-06-13,861.0499877929688
2023-06-14,860.239990234375
2023-06-15,857.6300048828125
2023-06-16,859.3200073242188
2023-06-19,845.6799926757812
2023-06-20,839.8499755859375
2023-06-21,832.5499877929688
2023-06-22,825.1599731445312
2023-06-26,823.9099731445312
2023-06-27,824.02001953125
2023-06-28,833.7100219726562
2023-06-29,839.260009765625
2023-06-30,847.6900024414062
2023-07-03,842.5599975585938
2023-07-04,847.1199951171875
2023-07-05,839.8099975585938
2023-07-06,824.0900268554688
2023-07-07,829.47998046875
2023-07-10,826.5900268554688
2023-07-11,829.6699829101562
2023-07-12,839.0
2023-07-13,836.0499877929688
2023-07-14,831.280029296875
2023-07-17,827.5800170898438
2023-07-18,836.1099853515625
2023-07-19,835.010009765625
2023-07-20,832.1300048828125
2023-07-21,834.02001953125
2023-07-24,839.4199829101562
2023-07-25,845.9000244140625
2023-07-26,840.1199951171875
2023-07-27,846.030029296875
2023-07-28,845.7899780273438
2023-07-31,844.6300048828125
2023-08-01,839.4500122070312
2023-08-02,831.4000244140625
2023-08-03,823.4000244140625
2023-08-04,829.5800170898438
2023-08-07,827.6199951171875
2023-08-08,822.1599731445312
2023-08-09,827.3599853515625
2023-08-10,834.22998046875
2023-08-11,825.5399780273438
2023-08-14,825.3200073242188
2023-08-15,815.9000244140625
2023-08-16,814.6199951171875
2023-08-17,803.1500244140625
2023-08-18,798.3699951171875
2023-08-21,792.4500122070312
2023-08-22,798.6199951171875
2023-08-23,799.3599853515625
2023-08-24,794.6900024414062
2023-08-25,795.3400268554688
2023-08-28,805.2100219726562
2023-08-29,811.010009765625
2023-08-30,809.5499877929688
2023-08-31,812.5499877929688
2023-09-01,812.2999877929688
2023-09-04,815.0700073242188
2023-09-05,817.3400268554688
2023-09-06,817.3699951171875
2023-09-07,809.4400024414062
2023-09-08,805.7899780273438
2023-09-11,810.0599975585938
2023-09-12,804.489990234375
2023-09-13,799.969970703125
2023-09-14,811.1199951171875
2023-09-15,812.030029296875
2023-09-18,807.010009765625
2023-09-19,803.239990234375
2023-09-20,813.5800170898438
2023-09-21,805.6799926757812
2023-09-22,800.6699829101562
2023-09-25,796.3599853515625
2023-09-26,785.9500122070312
2023-09-27,784.9000244140625
2023-09-28,787.7000122070312
2023-09-29,795.3699951171875
2023-10-02,791.7100219726562
2023-10-03,781.6900024414062
2023-10-04,778.3300170898438
2023-10-05,783.969970703125
2023-10-06,791.7100219726562
2023-10-09,783.75
2023-10-10,806.22998046875
2023-10-11,806.3800048828125
2023-10-12,812.0900268554688
2023-10-13,801.0499877929688
2023-10-16,800.4400024414062
2023-10-17,791.9600219726562
2023-10-18,780.77001953125
2023-10-19,773.5
2023-10-20,759.969970703125
2023-10-23,756.2899780273438
2023-10-24,761.3699951171875
2023-10-25,757.47998046875
2023-10-26,757.1199951171875
2023-10-27,753.3499755859375
2023-10-30,756.760009765625
2023-10-31,766.0399780273438
2023-11-01,764.5399780273438
2023-11-02,783.5800170898438
2023-11-03,790.219970703125
2023-11-06,788.5499877929688
2023-11-07,786.6300048828125
2023-11-08,786.6900024414062
2023-11-09,797.6699829101562
2023-11-10,788.3200073242188
2023-11-13,789.3300170898438
2023-11-14,815.8499755859375
2023-11-15,821.1799926757812
2023-11-16,812.5599975585938
2023-11-17,822.5
2023-11-20,827.0999755859375
2023-11-21,821.530029296875
2023-11-22,828.7000122070312
2023-11-23,832.5599975585938
2023-11-24,833.9600219726562
2023-11-27,832.760009765625
2023-11-28,827.47998046875
2023-11-29,835.4400024414062
2023-11-30,834.4199829101562
2023-12-01,841.1599731445312
2023-12-04,841.0499877929688
2023-12-05,848.9199829101562
2023-12-06,858.3499755859375
2023-12-07,857.969970703125
2023-12-08,863.5499877929688
2023-12-11,871.530029296875
2023-12-12,866.8400268554688
2023-12-13,863.7100219726562
2023-12-14,889.1099853515625
2023-12-15,896.8099975585938
2023-12-18,892.3499755859375
2023-12-19,898.1799926757812
2023-12-20,899.2100219726562
2023-12-21,893.3900146484375
2023-12-22,895.8900146484375
2023-12-27,900.7000122070312
2023-12-28,901.4000244140625
2023-12-29,903.780029296875
2024-01-02,900.25
2024-01-03,884.030029296875
2024-01-04,886.9299926757812
2024-01-05,877.02001953125
2024-01-08,885.9000244140625
2024-01-09,881.9500122070312
2024-01-10,880.8599853515625
2024-01-11,876.2999877929688
2024-01-12,886.52001953125
2024-01-15,876.9000244140625
2024-01-16,871.9099731445312
2024-01-17,861.1300048828125
2024-01-18,865.469970703125
2024-01-19,859.6500244140625
2024-01-22,869.7999877929688
2024-01-23,872.9000244140625
2024-01-24,879.260009765625
2024-01-25,883.97998046875
2024-01-26,888.02001953125
2024-01-29,888.27001953125
2024-01-30,888.9400024414062
2024-01-31,888.52001953125
2024-02-01,892.02001953125
2024-02-02,891.3699951171875
2024-02-05,882.3800048828125
2024-02-06,888.969970703125
2024-02-07,890.4600219726562
2024-02-08,894.02001953125
2024-02-09,890.75
2024-02-12,897.9299926757812
2024-02-13,890.5599975585938
2024-02-14,894.1799926757812
2024-02-15,903.1500244140625
2024-02-16,911.0499877929688
2024-02-20,909.3400268554688
2024-02-21,908.1300048828125
2024-02-22,914.0999755859375
2024-02-23,916.989990234375
2024-02-26,917.2899780273438
2024-02-27,919.3900146484375
2024-02-28,919.3200073242188
2024-02-29,922.239990234375
2024-03-01,929.7899780273438
2024-03-04,925.2000122070312
2024-03-05,918.7999877929688
2024-03-06,925.97998046875
2024-03-07,930.0399780273438
2024-03-08,938.6699829101562
2024-03-11,936.52001953125
2024-03-12,950.3200073242188
2024-03-13,952.9500122070312
2024-03-14,951.9600219726562
2024-03-15,954.7899780273438
2024-03-18,945.7000122070312
2024-03-19,951.5999755859375
2024-03-20,951.4199829101562
2024-03-21,968.3200073242188
2024-03-22,966.9000244140625
2024-03-25,965.739990234375
2024-03-26,971.52001953125
2024-03-27,971.1900024414062
2024-03-28,963.3400268554688
2024-04-02,958.260009765625
2024-04-03,959.9099731445312
2024-04-04,962.77001953125
2024-04-05,955.1199951171875
2024-04-08,962.72998046875
2024-04-09,956.3599853515625
2024-04-10,955.1500244140625
2024-04-11,947.7100219726562
2024-04-12,947.3200073242188
2024-04-15,951.5800170898438
2024-04-16,937.5499877929688
2024-04-17,940.6199951171875
2024-04-18,942.1300048828125
2024-04-19,936.75
2024-04-22,939.3699951171875
2024-04-23,953.6900024414062
2024-04-24,949.5700073242188
2024-04-25,937.0599975585938
2024-04-26,951.8300170898438
2024-04-29,959.1799926757812
2024-04-30,957.9500122070312
2024-05-02,947.2999877929688
2024-05-03,954.5
2024-05-06,962.2899780273438
2024-05-07,974.3099975585938
2024-05-08,974.4400024414062
2024-05-10,988.97998046875
2024-05-13,988.1599731445312
2024-05-14,995.219970703125
2024-05-15,998.1699829101562
2024-05-16,992.9600219726562
2024-05-17,990.719970703125
2024-05-20,1002.4199829101562
2024-05-21,1001.8699951171875
2024-05-22,1003.030029296875
2024-05-23,1003.469970703125
2024-05-24,999.3400268554688
2024-05-27,999.8800048828125
2024-05-28,995.4600219726562
2024-05-29,980.5900268554688
2024-05-30,985.9099731445312
2024-05-31,990.8400268554688
2024-06-03,991.739990234375
2024-06-04,984.5499877929688
2024-06-05,992.3400268554688
2024-06-07,993.4400024414062
2024-06-10,986.1199951171875
2024-06-11,982.8499755859375
2024-06-12,1000.4199829101562
2024-06-13,983.9199829101562
2024-06-14,971.6300048828125
2024-06-17,970.75
2024-06-18,972.3699951171875
2024-06-19,967.4600219726562
2024-06-20,978.1199951171875
2024-06-24,984.2000122070312
2024-06-25,971.3900146484375
2024-06-26,973.1099853515625
2024-06-27,971.1799926757812
2024-06-28,975.0399780273438
2024-07-01,980.4199829101562
2024-07-02,972.9099731445312
2024-07-03,977.6300048828125
2024-07-04,981.260009765625
2024-07-05,979.25
2024-07-08,981.489990234375
2024-07-09,974.8400268554688
2024-07-10,979.8099975585938
2024-07-11,990.5999755859375
2024-07-12,1012.719970703125
2024-07-15,1002.1400146484375
2024-07-16,1006.1900024414062
2024-07-17,1003.760009765625
2024-07-18,1003.6099853515625
2024-07-19,993.0399780273438
2024-07-22,1002.25
2024-07-23,1001.8599853515625
2024-07-24,993.6699829101562
2024-07-25,987.8099975585938
2024-07-26,993.8699951171875
2024-07-29,993.989990234375
2024-07-30,998.969970703125
2024-07-31,1003.4099731445312
2024-08-01,982.72998046875
2024-08-02,952.0599975585938
2024-08-05,927.5800170898438
2024-08-06,927.8900146484375
2024-08-07,946.280029296875
2024-08-08,947.260009765625
2024-08-09,953.010009765625
2024-08-12,952.7899780273438
2024-08-13,956.4099731445312
2024-08-14,962.72998046875
2024-08-15,973.2999877929688
2024-08-16,976.530029296875
2024-08-19,981.010009765625
2024-08-20,976.3300170898438
2024-08-21,974.9000244140625
2024-08-22,981.3900146484375
2024-08-23,990.7899780273438
2024-08-26,992.9000244140625
2024-08-27,988.6400146484375
2024-08-28,991.2899780273438
2024-08-29,998.5399780273438
2024-08-30,1003.0499877929688
2024-09-02,1000.1599731445312
2024-09-03,987.5700073242188
2024-09-04,976.1300048828125
2024-09-05,968.47998046875
2024-09-06,960.510009765625
2024-09-09,971.719970703125
2024-09-10,970.0900268554688
2024-09-11,964.7999877929688
2024-09-12,975.4400024414062
2024-09-13,984.0900268554688
2024-09-16,984.5599975585938
2024-09-17,992.0599975585938
2024-09-18,985.3699951171875
2024-09-19,1003.3800048828125
2024-09-20,999.5900268554688
2024-09-23,1001.8699951171875
2024-09-24,999.260009765625
2024-09-25,1006.0399780273438
2024-09-26,1019.8099975585938
2024-09-27,1019.2899780273438
2024-09-30,1015.8800048828125
2024-10-01,1008.6699829101562
2024-10-02,1009.8499755859375
2024-10-03,1000.9099731445312
2024-10-04,1005.1599731445312
2024-10-07,1001.0900268554688
2024-10-08,995.6500244140625
2024-10-09,999.3400268554688
2024-10-10,988.280029296875
2024-10-11,996.4600219726562
2024-10-14,998.489990234375
2024-10-15,993.4199829101562
2024-10-16,992.219970703125
2024-10-17,993.2000122070312
2024-10-18,996.6699829101562
2024-10-21,987.9600219726562
2024-10-22,984.239990234375
2024-10-23,985.3699951171875
2024-10-24,983.0499877929688
2024-10-25,990.1400146484375
2024-10-28,1001.739990234375
2024-10-29,996.3900146484375
2024-10-30,984.5499877929688
2024-10-31,973.3400268554688
2024-11-01,976.6400146484375
2024-11-04,982.1099853515625
2024-11-05,981.9299926757812
2024-11-06,972.969970703125
2024-11-07,988.47998046875
2024-11-08,982.1599731445312
2024-11-11,989.0700073242188
2024-11-12,965.77001953125
2024-11-13,961.989990234375
2024-11-14,969.2100219726562
2024-11-15,957.3800048828125
2024-11-18,953.52001953125
2024-11-19,948.0499877929688
2024-11-20,942.97998046875
2024-11-21,947.1900024414062
2024-11-22,956.8900146484375
2024-11-25,960.739990234375
2024-11-26,953.4500122070312
2024-11-27,956.9099731445312
2024-11-28,960.9400024414062
2024-11-29,965.6400146484375
2024-12-02,976.2899780273438
2024-12-03,983.010009765625
2024-12-04,992.1199951171875
2024-12-05,992.9000244140625
2024-12-06,998.1300048828125
2024-12-09,997.530029296875
2024-12-10,990.9299926757812
2024-12-11,989.6199951171875
2024-12-12,983.52001953125
2024-12-13,977.969970703125
2024-12-16,974.0399780273438
2024-12-17,969.0399780273438
2024-12-18,972.6599731445312
2024-12-19,949.6900024414062
2024-12-20,950.3599853515625
2024-12-23,948.8400268554688
2024-12-27,957.239990234375
2024-12-30,954.5900268554688
2025-01-02,966.0599975585938
2025-01-03,964.5800170898438
2025-01-07,970.739990234375
2025-01-08,967.25
2025-01-09,968.1500244140625
2025-01-10,958.5
2025-01-13,951.8800048828125
2025-01-14,956.219970703125
2025-01-15,978.0399780273438
2025-01-16,985.2100219726562
2025-01-17,994.5700073242188
2025-01-20,993.5900268554688
2025-01-21,1003.5900268554688
2025-01-22,1007.3800048828125
2025-01-23,1019.1500244140625
2025-01-24,1017.0399780273438
2025-01-27,1010.5700073242188
2025-01-28,1009.6599731445312
2025-01-29,1018.010009765625
2025-01-30,1024.550048828125
2025-01-31,1025.800048828125
2025-02-03,1012.4500122070312
2025-02-04,1013.9500122070312
2025-02-05,1014.2999877929688
2025-02-06,1028.3499755859375
2025-02-07,1019.719970703125
2025-02-10,1026.8900146484375
2025-02-11,1028.300048828125
2025-02-12,1030.530029296875
2025-02-13,1047.4300537109375
2025-02-14,1046.0699462890625
2025-02-17,1053.6300048828125
2025-02-18,1057.5699462890625
2025-02-19,1037.97998046875
2025-02-20,1041.760009765625
2025-02-21,1039.050048828125
2025-02-24,1035.1800537109375
2025-02-25,1036.31005859375
2025-02-26,1048.0799560546875
2025-02-27,1038.1800537109375
2025-02-28,1032.81005859375
2025-03-03,1037.5
2025-03-04,1003.8200073242188
2025-03-05,1023.5499877929688
2025-03-06,1021.3099975585938
2025-03-07,1020.3599853515625
2025-03-10,1009.8400268554688
2025-03-11,989.0399780273438
2025-03-12,992.8499755859375
2025-03-13,989.739990234375
2025-03-14,1006.0999755859375
2025-03-17,1007.9400024414062
2025-03-18,1008.9500122070312
2025-03-19,1009.4400024414062
2025-03-20,1007.1400146484375
2025-03-21,993.030029296875
2025-03-24,993.4400024414062
2025-03-25,996.1500244140625
2025-03-26,981.47998046875
2025-03-27,970.4299926757812
2025-03-28,961.719970703125
2025-03-31,945.2100219726562
2025-04-01,954.4400024414062
2025-04-02,945.469970703125
2025-04-03,913.1400146484375
2025-04-04,874.4099731445312
2025-04-07,832.2899780273438
2025-04-08,851.4299926757812
2025-04-09,824.219970703125
2025-04-10,863.8499755859375
2025-04-11,864.6699829101562
2025-04-14,888.4199829101562
2025-04-15,908.2000122070312
2025-04-16,900.6799926757812
2025-04-17,894.010009765625
2025-04-22,899.260009765625
2025-04-23,913.2999877929688
2025-04-24,915.9199829101562
2025-04-25,924.3099975585938
2025-04-28,923.6599731445312
2025-04-29,919.7100219726562
2025-04-30,931.1799926757812
2025-05-02,941.9299926757812
2025-05-05,942.1599731445312
2025-05-06,930.8400268554688
2025-05-07,931.489990234375
2025-05-08,937.489990234375
2025-05-09,938.3400268554688
2025-05-12,965.0800170898438
2025-05-13,966.3300170898438
2025-05-14,962.9500122070312
2025-05-15,969.4000244140625
2025-05-16,968.9000244140625
2025-05-19,969.72998046875
2025-05-20,973.1099853515625
2025-05-21,967.8200073242188
2025-05-22,947.010009765625
2025-05-23,938.6300048828125
2025-05-26,952.7999877929688
2025-05-27,954.27001953125
2025-05-28,951.72998046875
2025-05-30,948.780029296875
2025-06-02,944.1500244140625
2025-06-03,944.5900268554688
2025-06-04,955.0499877929688
2025-06-05,959.5800170898438
2025-06-09,958.9199829101562
2025-06-10,958.97998046875
2025-06-11,953.6400146484375
2025-06-12,944.6599731445312
2025-06-13,934.0399780273438
2025-06-16,943.6599731445312
2025-06-17,935.3200073242188
2025-06-18,935.510009765625
2025-06-19,929.6099853515625
2025-06-23,926.0399780273438
2025-06-24,936.5399780273438
2025-06-25,934.6500244140625
2025-06-26,939.25
2025-06-27,959.6300048828125
2025-06-30,953.1300048828125
2025-07-01,953.1799926757812
2025-07-02,963.5700073242188
2025-07-03,969.02001953125
2025-07-04,964.4000244140625
2025-07-07,962.969970703125
2025-07-08,965.4400024414062
2025-07-09,970.8400268554688
2025-07-10,986.1699829101562
2025-07-11,973.5
2025-07-14,968.7100219726562
2025-07-15,969.22998046875
2025-07-16,961.75
2025-07-17,975.8300170898438
2025-07-18,968.5800170898438
2025-07-21,970.3300170898438
2025-07-22,964.4299926757812
2025-07-23,982.27001953125
2025-07-24,985.9500122070312
2025-07-25,987.8300170898438
2025-07-28,981.25
2025-07-29,983.030029296875
2025-07-30,981.5599975585938
2025-07-31,971.4299926757812
2025-08-01,955.0700073242188
2025-08-04,961.8900146484375
2025-08-05,966.6500244140625
2025-08-06,966.0999755859375
2025-08-07,976.6699829101562
2025-08-08,978.72998046875
2025-08-11,973.5900268554688
2025-08-12,977.9400024414062
2025-08-13,978.0599975585938
2025-08-14,982.6099853515625
2025-08-15,984.4000244140625
2025-08-18,980.2899780273438
2025-08-19,993.52001953125
2025-08-20,992.0
2025-08-21,989.260009765625
2025-08-22,1005.5700073242188
2025-08-25,998.7100219726562
2025-08-26,993.3499755859375
2025-08-27,990.1699829101562
2025-08-28,988.6199951171875
2025-08-29,981.1799926757812
2025-09-01,982.7000122070312
2025-09-02,961.239990234375
2025-09-03,967.7999877929688
2025-09-04,970.47998046875
2025-09-05,978.6699829101562
2025-09-08,984.0700073242188
2025-09-09,981.7899780273438
2025-09-10,980.1099853515625
2025-09-11,982.2999877929688
2025-09-12,982.8699951171875
2025-09-15,984.4299926757812
2025-09-16,976.0399780273438
2025-09-17,977.2999877929688
2025-09-18,985.8400268554688
2025-09-19,986.4299926757812
2025-09-22,984.1799926757812
2025-09-23,991.1199951171875
2025-09-24,980.2999877929688
2025-09-25,971.3400268554688
2025-09-26,977.760009765625
2025-09-29,980.9000244140625
2025-09-30,985.0499877929688
2025-10-01,988.8099975585938
2025-10-02,998.1300048828125
2025-10-03,1007.1599731445312
2025-10-06,1012.2100219726562
2025-10-07,1005.3699951171875
2025-10-08,1009.1500244140625
2025-10-09,1007.969970703125
2025-10-10,997.6400146484375
2025-10-13,1000.6199951171875
2025-10-14,1001.4400024414062
2025-10-15,1007.6199951171875
2025-10-16,1010.3900146484375
2025-10-17,997.0900268554688
2025-10-20,1009.1400146484375
2025-10-21,1016.6400146484375
2025-10-22,1014.5999755859375
2025-10-23,1022.5900268554688
2025-10-24,1033.6099853515625
2025-10-27,1037.8499755859375
2025-10-28,1032.5
2025-10-29,1027.5400390625
2025-10-30,1029.6700439453125
2025-10-31,1024.030029296875
2025-11-03,1018.6400146484375
2025-11-04,1011.010009765625
2025-11-05,1011.77001953125
2025-11-06,1007.8499755859375
2025-11-07,1004.780029296875
2025-11-10,1013.9099731445312
2025-11-11,1025.4599609375
2025-11-12,1031.489990234375
2025-11-13,1022.0900268554688
2025-11-14,1013.5
2025-11-17,1005.5399780273438
2025-11-18,983.8599853515625
2025-11-19,987.9600219726562
2025-11-20,990.9500122070312
2025-11-21,989.8400268554688
2025-11-24,1000.3499755859375
2025-11-25,1011.2999877929688
2025-11-26,1018.4600219726562
2025-11-27,1023.3400268554688
2025-11-28,1022.6300048828125
2025-12-01,1019.4400024414062
2025-12-02,1016.3900146484375
2025-12-03,1013.3400268554688
2025-12-04,1027.280029296875
2025-12-05,1030.5
2025-12-08,1027.280029296875
2025-12-09,1020.739990234375
2025-12-10,1021.1099853515625
2025-12-11,1026.77001953125
2025-12-12,1026.02001953125
2025-12-15,1027.6600341796875
2025-12-16,1021.260009765625
2025-12-17,1015.2100219726562
2025-12-18,1026.300048828125
2025-12-19,1029.0899658203125
2025-12-22,1031.6700439453125
2025-12-23,1033.300048828125
2025-12-29,1040.239990234375
2025-12-30,1045.6800537109375
2026-01-02,1041.8299560546875
2026-01-05,1046.18994140625
2026-01-07,1069.6800537109375
2026-01-08,1059.8599853515625
2026-01-09,1072.31005859375
2026-01-12,1072.0899658203125
2026-01-13,1071.31005859375
2026-01-14,1069.81005859375
2026-01-15,1087.6700439453125
2026-01-16,1087.4200439453125
2026-01-19,1064.6199951171875
2026-01-20,1060.989990234375
2026-01-21,1063.239990234375
2026-01-22,1071.5999755859375
2026-01-23,1073.8199462890625
2026-01-26,1074.52001953125
2026-01-27,1078.449951171875
2026-01-28,1074.7099609375
2026-01-29,1071.300048828125
2026-01-30,1068.469970703125
2026-02-02,1080.3499755859375
2026-02-03,1082.6199951171875
2026-02-04,1093.050048828125
2026-02-05,1081.989990234375
2026-02-06,1092.9599609375
2026-02-09,1098.219970703125
2026-02-10,1100.1300048828125
2026-02-11,1096.7900390625
2026-02-12,1085.9300537109375
2026-02-13,1084.8599853515625
2026-02-16,1082.949951171875
2026-02-17,1085.949951171875
2026-02-18,1095.1199951171875
2026-02-19,1094.219970703125
2026-02-20,1102.780029296875
2026-02-23,1094.530029296875
2026-02-24,1101.1217041015625
